time/time_elapsed,rollout/ep_rew_mean,rollout/ep_len_mean,time/total_timesteps,time/episodes,time/fps,rollout/exploration_rate,train/learning_rate,train/loss,train/n_updates
0,0.04373565,27.3,546,20,1902,0.9948129999999996,,,
0,0.05864015,37.425,1497,40,1530,0.9857785000000003,,,
1,0.05471568333333333,36.25,2175,60,1696,0.9793374999999996,,,
1,0.050101537499999994,35.85,2868,80,1472,0.9727540000000002,,,
2,0.044984010000000005,35.48,3548,100,1503,0.966294,,,
3,0.04319198,36.4,4186,120,1364,0.9602329999999998,,,
3,0.03293255999999999,32.05,4702,140,1267,0.9553310000000002,,,
4,0.03160169,31.55,5330,160,1298,0.9493650000000006,,,
4,0.029640589999999998,30.19,5887,180,1271,0.9440735000000002,,,
5,0.028113930000000002,28.82,6430,200,1283,0.9389149999999995,,,
5,0.02640408,26.97,6883,220,1301,0.9346115000000003,,,
5,0.028881059999999997,30.85,7787,240,1313,0.9260235000000001,,,
6,0.022215480000000003,28.87,8217,260,1339,0.9219384999999998,,,
6,0.022594610000000005,28.63,8750,280,1330,0.9168749999999997,,,
6,0.02628106,32.88,9718,300,1396,0.907679,,,
10,0.031034619999999995,35.99,10482,320,1006,0.9004210000000001,,,
10,0.028314679999999995,31.64,10951,340,1027,0.8959654999999996,,,
11,0.0312397,33.47,11564,360,1040,0.8901419999999998,,,
11,0.03187811,34.44,12194,380,1070,0.8841569999999996,,,
11,0.031057770000000002,30.79,12797,400,1085,0.8784285000000005,,,
12,0.022892199999999998,28.73,13355,420,1105,0.8731275,,,
12,0.02881483,36.81,14632,440,1156,0.8609960000000002,,,
12,0.02911044,37.01,15265,460,1180,0.8549825000000003,,,
13,0.030348659999999996,35.9,15784,480,1175,0.8500519999999998,,,
13,0.03457541,36.92,16489,500,1187,0.8433545000000002,,,
14,0.042108719999999995,37.94,17149,520,1192,0.8370845000000003,,,
14,0.034479649999999994,29.62,17594,540,1204,0.8328570000000001,,,
14,0.03732411,28.54,18119,560,1216,0.8278695,,,
15,0.037231410000000006,28.89,18673,580,1188,0.8226064999999996,,,
16,0.03401119,28.66,19355,600,1204,0.8161274999999999,,,
16,0.03029474,27.33,19882,620,1202,0.8111210000000004,,,
17,0.03514367000000001,28.55,20449,640,1201,0.8057344999999996,,,
17,0.03461974,29.05,21024,660,1195,0.8002719999999997,,,
18,0.033097850000000005,28.75,21548,680,1196,0.795294,,,
18,0.032672019999999996,27.83,22138,700,1209,0.7896890000000001,,,
18,0.03366455,28.51,22733,720,1217,0.7840365,,,
18,0.03146669,27.62,23211,740,1226,0.7794955000000002,,,
19,0.03128858,30.21,24045,760,1243,0.7715725000000002,,,
19,0.03340759,31.21,24669,780,1242,0.7656444999999995,,,
20,0.0341621,30.21,25159,800,1252,0.7609894999999997,,,
20,0.035114679999999995,30.1,25743,820,1265,0.7554415000000004,,,
20,0.03345272,29.61,26172,840,1272,0.7513660000000003,,,
20,0.029921609999999994,25.59,26604,860,1271,0.7472620000000004,,,
21,0.027628970000000003,23.62,27031,880,1276,0.7432054999999997,,,
21,0.028187880000000005,26.77,27836,900,1293,0.7355580000000003,,,
22,0.02614989,31.27,28870,920,1305,0.7257350000000005,,,
22,0.02979465,33.56,29528,940,1317,0.719484,,,
22,0.02873964,34.0,30004,960,1311,0.7149619999999998,,,
23,0.02731836,35.13,30544,980,1320,0.7098319999999999,,,
23,0.024214190000000007,33.73,31209,1000,1330,0.7035144999999996,,,
23,0.025581839999999998,30.74,31944,1020,1334,0.6965320000000004,,,
24,0.02375772,29.11,32439,1040,1337,0.6918295000000001,,,
24,0.02802029,30.82,33086,1060,1343,0.6856830000000005,,,
24,0.028688670000000003,30.47,33591,1080,1345,0.6808854999999996,,,
25,0.02733888,28.28,34037,1100,1348,0.6766485000000002,,,
25,0.02899798,30.21,34965,1120,1356,0.6678324999999998,,,
26,0.030076949999999995,30.13,35452,1140,1358,0.6632059999999997,,,
26,0.030857329999999995,29.77,36063,1160,1360,0.6574015000000004,,,
26,0.031246040000000006,34.73,37064,1180,1376,0.6478920000000001,,,
27,0.03305536,35.75,37612,1200,1375,0.6426860000000003,,,
27,0.031026969999999997,31.54,38119,1220,1380,0.6378694999999999,,,
28,0.03248761000000001,31.86,38638,1240,1379,0.6329390000000006,,,
28,0.03026438,31.12,39175,1260,1387,0.6278375000000005,,,
28,0.02642845,26.02,39666,1280,1391,0.6231730000000002,,,
28,0.022296770000000007,25.61,40173,1300,1391,0.6183564999999999,,,
29,0.02246765,27.02,40821,1320,1398,0.6122005000000001,,,
29,0.02098042,26.84,41322,1340,1393,0.6074410000000003,,,
30,0.02629148,30.61,42236,1360,1403,0.5987579999999996,,,
30,0.030236189999999996,30.08,42674,1380,1408,0.5945970000000002,,,
30,0.03204118,30.08,43181,1400,1404,0.5897804999999998,,,
30,0.029681739999999995,29.36,43757,1420,1412,0.5843084999999997,,,
31,0.030269930000000004,29.34,44256,1440,1418,0.5795680000000004,,,
31,0.026270629999999996,24.88,44724,1460,1423,0.5751220000000001,,,
31,0.02630764,25.63,45237,1480,1426,0.5702485000000004,,,
32,0.030455060000000006,25.5,45731,1500,1426,0.5655555000000003,,,
32,0.03116909,26.53,46410,1520,1417,0.5591050000000004,,,
33,0.028831729999999996,26.43,46899,1540,1414,0.5544594999999999,,,
33,0.03274701,27.8,47504,1560,1418,0.5487120000000001,,,
33,0.03505273,31.88,48425,1580,1426,0.5399624999999996,,,
34,0.03554727,32.71,49002,1600,1433,0.5344810000000002,,,
34,0.03274674,31.93,49603,1620,1439,0.5287715000000005,,,
38,0.031184000000000003,32.45,50144,1640,1291,0.5236320000000003,1.9070714918537712e-05,0.0001441684033125057,10
45,0.024085359999999997,30.86,50590,1660,1115,0.5193949999999998,1.9070714918537712e-05,9.104652654059464e-05,80
51,0.0195358,25.97,51022,1680,998,0.5152909999999999,1.9070714918537712e-05,9.298637905885698e-05,140
60,0.023051690000000003,27.09,51711,1700,852,0.5087455000000005,1.9070714918537712e-05,4.9229600199396374e-05,210
68,0.023507040000000003,25.24,52127,1720,762,0.5047934999999997,1.9070714918537712e-05,9.168824581138325e-05,280
74,0.025103499999999997,24.06,52550,1740,707,0.5007750000000002,1.9070714918537712e-05,9.486979779467219e-05,340
82,0.031186540000000002,27.08,53298,1760,645,0.49366900000000047,1.9070714918537712e-05,7.696376842432073e-05,410
91,0.03435112,30.35,54057,1780,591,0.4864584999999999,1.9070714918537712e-05,6.158585497360037e-05,480
97,0.02531308,28.27,54538,1800,558,0.48188900000000034,1.9070714918537712e-05,6.696121918139397e-05,540
105,0.02783472,29.58,55085,1820,523,0.47669249999999963,1.9070714918537712e-05,7.902212350927585e-05,610
112,0.034400810000000004,30.84,55634,1840,495,0.47147700000000037,1.9070714918537712e-05,7.269369525602088e-05,680
120,0.034390899999999995,30.06,56304,1860,469,0.46511199999999986,1.9070714918537712e-05,6.0372898951754904e-05,740
127,0.02989756,27.33,56790,1880,447,0.460495,1.9070714918537712e-05,4.19163749938889e-05,810
133,0.028708289999999997,27.18,57256,1900,429,0.45606800000000025,1.9070714918537712e-05,5.299319191180985e-05,880
138,0.02744427,26.22,57707,1920,416,0.45178350000000056,1.9070714918537712e-05,6.596320508833742e-05,940
144,0.017550999999999997,25.47,58181,1940,402,0.44728049999999964,1.9070714918537712e-05,6.075871783650655e-05,1010
151,0.018675010000000002,23.33,58637,1960,387,0.44294849999999963,1.9070714918537712e-05,6.475535501522245e-05,1080
156,0.01915869,23.12,59102,1980,377,0.4385310000000002,1.9070714918537712e-05,8.522089301550295e-05,1140
164,0.02863105,24.13,59669,2000,363,0.43314450000000027,1.9070714918537712e-05,8.632446656520187e-05,1210
171,0.03493698,24.75,60182,2020,350,0.4282710000000005,1.9070714918537712e-05,7.02943155374669e-05,1280
180,0.042615560000000004,26.24,60805,2040,336,0.4223525,1.9070714918537712e-05,2.836581679730443e-05,1340
187,0.045254180000000005,27.6,61397,2060,326,0.4167284999999997,1.9070714918537712e-05,7.56197498049005e-05,1410
195,0.05167939000000001,29.39,62041,2080,317,0.4106104999999999,1.9070714918537712e-05,9.947111802830478e-05,1480
208,0.06281737,34.68,63137,2100,302,0.4001985000000001,1.9070714918537712e-05,4.326988250795694e-05,1540
223,0.07170368999999999,40.69,64251,2120,287,0.38961549999999956,1.9070714918537712e-05,8.871074087437591e-05,1610
231,0.07496278,38.98,64703,2140,279,0.3853215000000004,1.9070714918537712e-05,7.488818300771527e-05,1680
239,0.08011878,40.28,65425,2160,273,0.3784625000000005,1.9070714918537712e-05,6.146177879600146e-05,1740
246,0.08347523000000001,38.86,65927,2180,267,0.37369350000000046,1.9070714918537712e-05,7.552192446382832e-05,1810
255,0.07644336,35.3,66667,2200,261,0.3666634999999997,1.9070714918537712e-05,6.115254273026949e-05,1880
281,0.0757816,36.12,67863,2220,240,0.35530149999999994,1.9070714918537712e-05,6.189310588524676e-05,1940
294,0.08032638,40.05,68708,2240,233,0.3472740000000002,1.9070714918537712e-05,8.828151494526537e-05,2010
306,0.07399297,40.36,69461,2260,226,0.34012050000000016,1.9070714918537712e-05,8.245256321970373e-05,2080
316,0.07582465,41.92,70119,2280,221,0.3338694999999997,1.9070714918537712e-05,6.590740322280908e-05,2140
327,0.07345479,41.33,70800,2300,216,0.32740000000000036,1.9070714918537712e-05,6.076130748624564e-05,2210
336,0.07551824,35.83,71446,2320,212,0.32126299999999997,1.9070714918537712e-05,4.152568826611969e-05,2280
347,0.07730374,34.68,72176,2340,207,0.31432799999999994,1.9070714918537712e-05,4.961202221238636e-05,2340
357,0.08327024,33.73,72834,2360,203,0.3080770000000005,1.9070714918537712e-05,8.051058466662653e-05,2410
369,0.08886257,36.11,73730,2380,199,0.2995650000000004,1.9070714918537712e-05,5.6474147731933046e-05,2480
377,0.09822749,34.82,74282,2400,196,0.2943210000000004,1.9070714918537712e-05,7.594799735670677e-05,2540
391,0.09973964999999999,37.87,75233,2420,191,0.2852865000000001,1.9070714918537712e-05,7.675627821299714e-05,2610
401,0.09902454000000001,37.21,75897,2440,189,0.27897850000000013,1.9070714918537712e-05,7.50882120883034e-05,2680
412,0.10013862000000001,37.43,76577,2460,185,0.2725185000000001,1.9070714918537712e-05,9.969967959477799e-05,2740
422,0.10036737000000003,34.56,77186,2480,182,0.2667330000000002,1.9070714918537712e-05,6.651948406215525e-05,2810
434,0.09660098,37.25,78007,2500,179,0.2589334999999997,1.9070714918537712e-05,7.347332102654036e-05,2880
445,0.09201962999999999,34.5,78683,2520,176,0.25251149999999956,1.9070714918537712e-05,6.832227054474061e-05,2940
458,0.09250567,34.28,79325,2540,172,0.24641250000000026,1.9070714918537712e-05,6.441028617700794e-05,3010
470,0.09180822000000002,33.99,79976,2560,169,0.24022799999999966,1.9070714918537712e-05,6.863733251520898e-05,3080
482,0.08886832,35.12,80698,2580,167,0.2333689999999996,1.9070714918537712e-05,6.0652035790553783e-05,3140
492,0.08881704999999998,32.61,81268,2600,165,0.2279540000000001,1.9070714918537712e-05,6.906746111781103e-05,3210
502,0.09047333000000002,32.15,81898,2620,162,0.22196899999999975,1.9070714918537712e-05,7.78904155595228e-05,3280
513,0.09511543,32.43,82568,2640,160,0.21560400000000035,1.9070714918537712e-05,6.51549727535894e-05,3340
531,0.09580935,36.45,83621,2660,157,0.20560050000000063,1.9070714918537712e-05,4.623662362064351e-05,3410
549,0.1001075,40.75,84773,2680,154,0.19465650000000012,1.9070714918537712e-05,5.0609638583409834e-05,3480
565,0.1060345,44.54,85722,2700,151,0.1856410000000004,1.9070714918537712e-05,4.311662014515605e-05,3540
577,0.11132407999999999,45.92,86490,2720,149,0.17834500000000042,1.9070714918537712e-05,5.0635762181627794e-05,3610
593,0.10967402999999999,49.43,87511,2740,147,0.1686455,1.9070714918537712e-05,5.870457134733442e-05,3680
602,0.11011042,44.76,88097,2760,146,0.16307850000000024,1.9070714918537712e-05,5.0180825928691776e-05,3740
619,0.11138930999999999,43.57,89130,2780,143,0.15326499999999965,1.9070714918537712e-05,6.396361932274886e-05,3810
639,0.10885838999999999,44.4,90162,2800,141,0.1434610000000004,1.9070714918537712e-05,4.431847796695365e-05,3880
652,0.10640346,46.21,91111,2820,139,0.13444550000000066,1.9070714918537712e-05,3.231716673326446e-05,3940
664,0.10970555999999998,43.86,91897,2840,138,0.1269785,1.9070714918537712e-05,5.616582548100269e-05,4010
679,0.11220930000000001,45.9,92687,2860,136,0.11947350000000034,1.9070714918537712e-05,2.5775893209356582e-05,4080
692,0.11277784,44.07,93537,2880,135,0.11139850000000018,1.9070714918537712e-05,2.879751846194267e-05,4140
701,0.11351878000000001,39.01,94063,2900,134,0.10640150000000004,1.9070714918537712e-05,4.1418088130740216e-05,4210
714,0.11496413999999998,37.1,94821,2920,132,0.09920049999999969,1.9070714918537712e-05,4.69764459921862e-05,4280
734,0.11479279999999999,41.06,96003,2940,130,0.08797149999999943,1.9070714918537712e-05,3.432532785154763e-05,4340
743,0.11534394,39.03,96590,2960,129,0.08239500000000055,1.9070714918537712e-05,6.022771704010666e-05,4410
752,0.11593875999999997,37.27,97264,2980,129,0.07599199999999995,1.9070714918537712e-05,4.4330615310173016e-05,4480
771,0.11736928999999999,44.85,98548,3000,127,0.06379400000000035,1.9070714918537712e-05,3.260629828218953e-05,4540
783,0.11867786000000002,43.52,99173,3020,126,0.05785650000000053,1.9070714918537712e-05,3.076764414799982e-05,4610
809,0.11966026999999997,45.23,100526,3040,124,0.05,1.9070714918537712e-05,2.7946108548349003e-05,4680
822,0.12356133999999998,46.51,101241,3060,123,0.05,1.9070714918537712e-05,2.868700294129667e-05,4740
836,0.12836037,45.3,101794,3080,121,0.05,1.9070714918537712e-05,1.7602049865672598e-05,4810
848,0.12853152,37.27,102275,3100,120,0.05,1.9070714918537712e-05,3.947997147406568e-05,4880
862,0.12846776000000001,39.3,103103,3120,119,0.05,1.9070714918537712e-05,3.708852991621825e-05,4940
881,0.13312226000000002,37.84,104310,3140,118,0.05,1.9070714918537712e-05,1.8628560701472453e-05,5010
895,0.13306181,39.31,105172,3160,117,0.05,1.9070714918537712e-05,1.5338199727921164e-05,5080
905,0.13125818,39.99,105793,3180,116,0.05,1.9070714918537712e-05,2.3703923034190666e-05,5140
915,0.13446246,41.49,106424,3200,116,0.05,1.9070714918537712e-05,1.2501694118327578e-05,5210
931,0.13844038,42.96,107399,3220,115,0.05,1.9070714918537712e-05,1.4438085645451793e-05,5280
942,0.13248201,37.18,108028,3240,114,0.05,1.9070714918537712e-05,2.4764834483903543e-05,5340
958,0.13554679,37.15,108887,3260,113,0.05,1.9070714918537712e-05,1.5037467846923391e-05,5410
971,0.13405298,36.67,109460,3280,112,0.05,1.9070714918537712e-05,1.9418774490986836e-05,5480
984,0.13080767999999998,36.88,110112,3300,111,0.05,1.9070714918537712e-05,1.134020121753565e-05,5540
993,0.13284011999999998,33.11,110710,3320,111,0.05,1.9070714918537712e-05,1.0649014029695536e-05,5610
1005,0.13778302,33.97,111425,3340,110,0.05,1.9070714918537712e-05,1.7708216228129457e-05,5680
1015,0.13964556000000003,31.54,112041,3360,110,0.05,1.9070714918537712e-05,2.1969607905703016e-05,5740
1025,0.1421797,30.85,112545,3380,109,0.05,1.9070714918537712e-05,1.7319217658950947e-05,5810
1042,0.15282064,32.93,113405,3400,108,0.05,1.9070714918537712e-05,2.3435728417098288e-05,5880
1052,0.14715248,32.28,113938,3420,108,0.05,1.9070714918537712e-05,1.5775375277371496e-05,5940
1062,0.14938131999999998,30.07,114432,3440,107,0.05,1.9070714918537712e-05,2.011083201978181e-05,6010
1071,0.14573527999999997,29.05,114946,3460,107,0.05,1.9070714918537712e-05,1.5192270211628056e-05,6080
1082,0.14896405000000001,31.08,115653,3480,106,0.05,1.9070714918537712e-05,1.0410076856715023e-05,6140
1090,0.14024223,27.64,116169,3500,106,0.05,1.9070714918537712e-05,3.401922460852802e-05,6210
1101,0.14588656,27.89,116727,3520,105,0.05,1.9070714918537712e-05,8.101372691271535e-06,6280
1111,0.14001286000000002,28.55,117287,3540,105,0.05,1.9070714918537712e-05,2.1985045987094053e-05,6340
1120,0.13692803,28.47,117793,3560,105,0.05,1.9070714918537712e-05,1.1324079059704672e-05,6410
1133,0.13685412000000002,29.72,118625,3580,104,0.05,1.9070714918537712e-05,1.161850868811598e-05,6480
1141,0.13623821000000003,30.11,119180,3600,104,0.05,1.9070714918537712e-05,2.2800497299613197e-05,6540
1153,0.13516678,30.75,119802,3620,103,0.05,1.9070714918537712e-05,4.059261286784022e-05,6610
1163,0.13485332,30.53,120340,3640,103,0.05,1.9070714918537712e-05,1.7665480982032022e-05,6680
1172,0.13925226000000002,31.08,120901,3660,103,0.05,1.9070714918537712e-05,1.5862404825384147e-05,6740
1190,0.13142310000000001,29.75,121600,3680,102,0.05,1.9070714918537712e-05,2.9333649445106856e-05,6810
1201,0.1343721,29.3,122110,3700,101,0.05,1.9070714918537712e-05,9.699689758235764e-06,6880
1211,0.13122827999999997,29.17,122719,3720,101,0.05,1.9070714918537712e-05,9.983929248846835e-06,6940
1222,0.13404797000000002,29.77,123317,3740,100,0.05,1.9070714918537712e-05,2.206793260484119e-05,7010
1231,0.13757481,29.91,123892,3760,100,0.05,1.9070714918537712e-05,2.8171216990813262e-05,7080
1239,0.14638236999999998,28.68,124468,3780,100,0.05,1.9070714918537712e-05,2.4074982547972468e-05,7140
1252,0.15601191,31.69,125279,3800,100,0.05,1.9070714918537712e-05,1.9036472849620623e-05,7210
1262,0.15676899,30.96,125815,3820,99,0.05,1.9070714918537712e-05,2.0266198634999456e-05,7280
1277,0.16427443000000003,32.97,126614,3840,99,0.05,1.9070714918537712e-05,2.5252525801988668e-05,7340
1288,0.16357027999999996,35.02,127394,3860,98,0.05,1.9070714918537712e-05,3.1460836908081546e-05,7410
1297,0.16104376,34.23,127891,3880,98,0.05,1.9070714918537712e-05,2.7954108008998447e-05,7480
1305,0.15135571999999997,32.22,128501,3900,98,0.05,1.9070714918537712e-05,3.143822932543117e-05,7540
1315,0.15154399000000002,32.34,129049,3920,98,0.05,1.9070714918537712e-05,2.4036926561166183e-05,7610
1330,0.15156502000000002,32.39,129853,3940,97,0.05,1.9070714918537712e-05,1.7445748903810453e-05,7680
1341,0.1527184,30.08,130402,3960,97,0.05,1.9070714918537712e-05,8.98857770152972e-06,7740
1352,0.15444317,32.01,131092,3980,96,0.05,1.9070714918537712e-05,2.5961638675653377e-05,7810
1364,0.16142115999999998,31.84,131685,4000,96,0.05,1.9070714918537712e-05,2.9861228176741862e-05,7880
1385,0.16957039,39.86,133035,4020,96,0.05,1.9070714918537712e-05,1.9303448834762093e-05,7940
1396,0.16529890000000003,38.89,133742,4040,95,0.05,1.9070714918537712e-05,2.84032972103887e-05,8010
1405,0.15761251999999998,39.44,134346,4060,95,0.05,1.9070714918537712e-05,2.1245676043690766e-05,8080
1420,0.16723733999999996,43.88,135480,4080,95,0.05,1.9070714918537712e-05,1.9455103893051273e-05,8140
1431,0.1626244,45.41,136226,4100,95,0.05,1.9070714918537712e-05,1.4962231671233894e-05,8210
1440,0.15819269000000002,37.83,136818,4120,94,0.05,1.9070714918537712e-05,1.8538192125561182e-05,8280
1450,0.15544822000000003,37.56,137498,4140,94,0.05,1.9070714918537712e-05,2.4780496960374877e-05,8340
1460,0.16573062000000005,37.97,138143,4160,94,0.05,1.9070714918537712e-05,1.6852791623023224e-05,8410
1470,0.15576453,32.19,138699,4180,94,0.05,1.9070714918537712e-05,1.3071755984128685e-05,8480
1480,0.16018152,32.02,139428,4200,94,0.05,1.9070714918537712e-05,1.5606820807079202e-05,8540
1491,0.16298802,34.07,140225,4220,93,0.05,1.9070714918537712e-05,2.4850136651366483e-05,8610
1503,0.17161057999999996,35.98,141096,4240,93,0.05,1.9070714918537712e-05,2.56857764270535e-05,8680
1514,0.16599639,37.17,141860,4260,93,0.05,1.9070714918537712e-05,2.517488042030891e-05,8740
1525,0.16262808,37.24,142423,4280,93,0.05,1.9070714918537712e-05,2.360073008276231e-05,8810
1538,0.16250230000000002,38.43,143271,4300,93,0.05,1.9070714918537712e-05,1.8039304632111452e-05,8880
1548,0.15968355,35.68,143793,4320,92,0.05,1.9070714918537712e-05,4.519463109318167e-05,8940
1562,0.16693923000000002,36.12,144708,4340,92,0.05,1.9070714918537712e-05,1.831831914387294e-05,9010
1570,0.16471428999999996,33.55,145215,4360,92,0.05,1.9070714918537712e-05,2.5694949272292433e-05,9080
1580,0.17230672000000002,34.6,145883,4380,92,0.05,1.9070714918537712e-05,2.8805007377741277e-05,9140
1603,0.18206562,41.81,147452,4400,91,0.05,1.9070714918537712e-05,4.9315499018121046e-05,9210
1617,0.18258038999999995,46.43,148436,4420,91,0.05,1.9070714918537712e-05,2.4482455091856537e-05,9280
1626,0.17069529,43.32,149040,4440,91,0.05,1.9070714918537712e-05,2.0747867347381542e-05,9340
1636,0.17266375,43.73,149588,4460,91,0.05,1.9070714918537712e-05,5.327476360434957e-05,9410
1645,0.16268052000000005,41.55,150038,4480,91,0.05,1.9070714918537712e-05,1.522976390333497e-05,9480
1661,0.15591913999999998,36.85,151137,4500,90,0.05,1.9070714918537712e-05,1.9767986304941588e-05,9540
1670,0.15862167999999996,33.09,151745,4520,90,0.05,1.9070714918537712e-05,1.660880293457012e-05,9610
1679,0.15245904000000002,32.25,152265,4540,90,0.05,1.9070714918537712e-05,1.9712201356014704e-05,9680
1691,0.15715156,34.15,153003,4560,90,0.05,1.9070714918537712e-05,1.8448268656356957e-05,9740
1702,0.16127553,37.22,153760,4580,90,0.05,1.9070714918537712e-05,3.454204920672055e-05,9810
1713,0.15708350999999998,33.61,154498,4600,90,0.05,1.9070714918537712e-05,2.4664866850798715e-05,9880
1728,0.15224912999999998,36.86,155431,4620,89,0.05,1.9070714918537712e-05,3.1913836664898554e-05,9940
1737,0.15475404,37.38,156003,4640,89,0.05,1.9070714918537712e-05,2.0819671499339164e-05,10010
1750,0.15424745,38.51,156854,4660,89,0.05,1.9070714918537712e-05,2.6622115774443957e-05,10080
1767,0.15988801,42.28,157988,4680,89,0.05,1.9070714918537712e-05,3.447017502367089e-05,10140
1777,0.16260628,41.68,158666,4700,89,0.05,1.9070714918537712e-05,1.5482226126550812e-05,10210
1792,0.16845795,40.78,159509,4720,89,0.05,1.9070714918537712e-05,2.8815573750762268e-05,10280
1801,0.17268134,40.33,160036,4740,88,0.05,1.9070714918537712e-05,3.79484332370339e-05,10340
1811,0.16667286,37.21,160575,4760,88,0.05,1.9070714918537712e-05,2.711307233767002e-05,10410
1821,0.16678618000000003,32.19,161207,4780,88,0.05,1.9070714918537712e-05,3.575056848603708e-05,10480
1831,0.1634861,31.48,161814,4800,88,0.05,1.9070714918537712e-05,3.4064630563079844e-05,10540
1848,0.16054106,35.81,163090,4820,88,0.05,1.9070714918537712e-05,2.5888195250445278e-05,10610
1856,0.15696828999999998,36.11,163647,4840,88,0.05,1.9070714918537712e-05,2.4364691989831043e-05,10680
1867,0.16659811999999996,39.13,164488,4860,88,0.05,1.9070714918537712e-05,1.988225408240396e-05,10740
1877,0.16143663,38.97,165104,4880,87,0.05,1.9070714918537712e-05,2.2435705113821312e-05,10810
1885,0.15570332999999997,38.24,165638,4900,87,0.05,1.9070714918537712e-05,2.785420101645286e-05,10880
1899,0.16923159000000002,35.31,166621,4920,87,0.05,1.9070714918537712e-05,2.660655136423884e-05,10940
1912,0.1758622,38.86,167533,4940,87,0.05,1.9070714918537712e-05,6.261113321670564e-05,11010
1921,0.16366726,35.95,168083,4960,87,0.05,1.9070714918537712e-05,2.5613528850954027e-05,11080
1933,0.1656012,35.6,168664,4980,87,0.05,1.9070714918537712e-05,3.175646334057092e-05,11140
1944,0.17311421,38.14,169452,5000,87,0.05,1.9070714918537712e-05,2.3663496881454195e-05,11210
1959,0.16339581999999997,35.85,170206,5020,86,0.05,1.9070714918537712e-05,3.54588763002539e-05,11280
1974,0.15832769,32.92,170825,5040,86,0.05,1.9070714918537712e-05,2.188184153055772e-05,11340
1995,0.1633192,37.1,171793,5060,86,0.05,1.9070714918537712e-05,3.340962884976761e-05,11410
2014,0.16925180999999997,39.6,172624,5080,85,0.05,1.9070714918537712e-05,2.1534716188398308e-05,11480
2025,0.16315294999999996,36.74,173126,5100,85,0.05,1.9070714918537712e-05,3.352121775606065e-05,11540
2038,0.15318373999999998,35.26,173732,5120,85,0.05,1.9070714918537712e-05,2.4868336413419457e-05,11610
2050,0.15346344999999997,33.95,174220,5140,84,0.05,1.9070714918537712e-05,2.051927267530118e-05,11680
2061,0.15010092,29.2,174713,5160,84,0.05,1.9070714918537712e-05,3.7566221044471605e-05,11740
2077,0.14303744000000002,27.92,175416,5180,84,0.05,1.9070714918537712e-05,2.6111622355529106e-05,11810
2092,0.14886554,29.84,176110,5200,84,0.05,1.9070714918537712e-05,4.161101592217165e-05,11880
2111,0.1628807,37.0,177432,5220,84,0.05,1.9070714918537712e-05,2.7896923984371825e-05,11940
2120,0.16720241999999996,38.24,178044,5240,83,0.05,1.9070714918537712e-05,2.113736818500911e-05,12010
2141,0.18450856000000002,46.34,179347,5260,83,0.05,1.9070714918537712e-05,3.0714574586454545e-05,12080
2149,0.18652099,44.83,179899,5280,83,0.05,1.9070714918537712e-05,3.883977078658063e-05,12140
2162,0.18465806,45.21,180631,5300,83,0.05,1.9070714918537712e-05,3.512636012601433e-05,12210
2194,0.18857185999999998,48.23,182255,5320,83,0.05,1.9070714918537712e-05,2.899588339460024e-05,12280
2204,0.18198594000000004,48.47,182891,5340,82,0.05,1.9070714918537712e-05,3.8491728128065005e-05,12340
2219,0.17638732,45.57,183904,5360,82,0.05,1.9070714918537712e-05,2.237511253042612e-05,12410
2234,0.18376916999999998,47.62,184661,5380,82,0.05,1.9070714918537712e-05,2.6905852473646517e-05,12480
2243,0.18280407999999995,46.52,185283,5400,82,0.05,1.9070714918537712e-05,3.382852178219764e-05,12540
2256,0.18386379000000005,38.82,186137,5420,82,0.05,1.9070714918537712e-05,3.7510365018533776e-05,12610
2273,0.19657365999999998,44.64,187355,5440,82,0.05,1.9070714918537712e-05,4.3816370316562824e-05,12680
2285,0.20964572000000006,43.33,188237,5460,82,0.05,1.9070714918537712e-05,4.104612025912502e-05,12740
2301,0.21430549000000002,46.0,189261,5480,82,0.05,1.9070714918537712e-05,3.149948381633294e-05,12810
2312,0.22501587,47.43,190026,5500,82,0.05,1.9070714918537712e-05,3.092391089012381e-05,12880
2326,0.20805226,48.75,191012,5520,82,0.05,1.9070714918537712e-05,3.916453019883193e-05,12940
2344,0.22392186,48.5,192205,5540,81,0.05,1.9070714918537712e-05,3.594472291297279e-05,13010
2358,0.21131113999999995,48.98,193135,5560,81,0.05,1.9070714918537712e-05,3.761639118238236e-05,13080
2369,0.19677799,46.21,193882,5580,81,0.05,1.9070714918537712e-05,3.9183145236165726e-05,13140
2379,0.18764301,45.36,194562,5600,81,0.05,1.9070714918537712e-05,3.054550438719161e-05,13210
2387,0.19338278999999997,40.99,195111,5620,81,0.05,1.9070714918537712e-05,2.4711293963264325e-05,13280
2397,0.18217532000000003,37.33,195938,5640,81,0.05,1.9070714918537712e-05,2.691430240702175e-05,13340
2411,0.18238317,38.73,197008,5660,81,0.05,1.9070714918537712e-05,5.335517898856779e-05,13410
2422,0.18645219000000002,38.43,197725,5680,81,0.05,1.9070714918537712e-05,3.1267063286577466e-05,13480
2429,0.1854884,36.54,198216,5700,81,0.05,1.9070714918537712e-05,3.4138882938350434e-05,13540
2438,0.18208343,36.23,198734,5720,81,0.05,1.9070714918537712e-05,4.5891164700151424e-05,13610
2445,0.16548434,32.97,199235,5740,81,0.05,1.9070714918537712e-05,3.945796897824039e-05,13680
2461,0.15849455999999998,34.12,200420,5760,81,0.05,1.9070714918537712e-05,2.8055700659024298e-05,13740
2471,0.15888265000000001,33.96,201121,5780,81,0.05,1.9070714918537712e-05,4.919718348901369e-05,13810
2485,0.16754436000000006,39.43,202159,5800,81,0.05,1.9070714918537712e-05,3.807597895502113e-05,13880
2497,0.17223950999999998,43.5,203084,5820,81,0.05,1.9070714918537712e-05,2.200692447331676e-05,13940
2507,0.17885524000000003,46.1,203845,5840,81,0.05,1.9070714918537712e-05,4.526411653387186e-05,14010
2523,0.17922465999999995,43.04,204724,5860,81,0.05,1.9070714918537712e-05,3.912673182639992e-05,14080
2531,0.17120817000000002,40.87,205208,5880,81,0.05,1.9070714918537712e-05,2.365477741932409e-05,14140
2543,0.16786163000000007,37.51,205910,5900,80,0.05,1.9070714918537712e-05,3.572787454686477e-05,14210
2553,0.16380102000000002,33.67,206451,5920,80,0.05,1.9070714918537712e-05,3.408855573070468e-05,14280
2560,0.15728023,30.82,206927,5940,80,0.05,1.9070714918537712e-05,2.8593862316483866e-05,14340
2577,0.17123393,33.33,208057,5960,80,0.05,1.9070714918537712e-05,3.309837620690814e-05,14410
2600,0.19635769,40.42,209250,5980,80,0.05,1.9070714918537712e-05,5.726361232518684e-05,14480
2612,0.19728241999999996,40.42,209952,6000,80,0.05,1.9070714918537712e-05,3.930910079361638e-05,14540
2623,0.20087679000000003,41.07,210558,6020,80,0.05,1.9070714918537712e-05,3.676548576549976e-05,14610
2637,0.21645010999999992,44.51,211378,6040,80,0.05,1.9070714918537712e-05,3.642198353190906e-05,14680
2646,0.19760870000000005,38.95,211952,6060,80,0.05,1.9070714918537712e-05,5.925281820964301e-05,14740
2656,0.17742586999999996,32.5,212500,6080,79,0.05,1.9070714918537712e-05,2.872675504477229e-05,14810
2670,0.18967135999999996,34.59,213411,6100,79,0.05,1.9070714918537712e-05,3.086773976974655e-05,14880
2680,0.20032388,35.35,214093,6120,79,0.05,1.9070714918537712e-05,3.939504604204558e-05,14940
2697,0.20938803999999997,41.0,215478,6140,79,0.05,1.9070714918537712e-05,4.148093175899703e-05,15010
2713,0.23975866,47.22,216674,6160,79,0.05,1.9070714918537712e-05,3.352239200467011e-05,15080
2722,0.24665436,48.42,217342,6180,79,0.05,1.9070714918537712e-05,2.3573904854856664e-05,15140
2734,0.23436557,47.82,218193,6200,79,0.05,1.9070714918537712e-05,3.3231822999368885e-05,15210
2746,0.22661655000000003,47.67,218860,6220,79,0.05,1.9070714918537712e-05,2.9759092512904317e-05,15280
2756,0.21318564000000007,40.48,219526,6240,79,0.05,1.9070714918537712e-05,4.6653672461616226e-05,15340
2769,0.18538323999999995,34.86,220160,6260,79,0.05,1.9070714918537712e-05,3.0905189078112016e-05,15410
2777,0.17591618,32.75,220617,6280,79,0.05,1.9070714918537712e-05,4.207352867524605e-05,15480
2787,0.16809174,30.02,221195,6300,79,0.05,1.9070714918537712e-05,3.6769862254004694e-05,15540
2802,0.16425565000000006,32.38,222098,6320,79,0.05,1.9070714918537712e-05,2.9053708567516877e-05,15610
2812,0.15484122,31.82,222708,6340,79,0.05,1.9070714918537712e-05,3.244060662837001e-05,15680
2823,0.15737649999999997,31.21,223281,6360,79,0.05,1.9070714918537712e-05,3.740636329894187e-05,15740
2835,0.16844592,34.93,224110,6380,79,0.05,1.9070714918537712e-05,6.500520330519067e-05,15810
2844,0.16929666999999995,34.79,224674,6400,78,0.05,1.9070714918537712e-05,4.485575332182634e-05,15880
2858,0.16814663,33.36,225434,6420,78,0.05,1.9070714918537712e-05,3.903849928974523e-05,15940
2867,0.16124167,32.14,225922,6440,78,0.05,1.9070714918537712e-05,4.079920581716579e-05,16010
2875,0.15389013,31.07,226388,6460,78,0.05,1.9070714918537712e-05,4.780979397764895e-05,16080
2884,0.14270812000000002,27.61,226871,6480,78,0.05,1.9070714918537712e-05,2.9223235378594838e-05,16140
2896,0.14927278000000002,28.69,227543,6500,78,0.05,1.9070714918537712e-05,3.385658510524081e-05,16210
2904,0.14890089,26.23,228057,6520,78,0.05,1.9070714918537712e-05,2.244762226837338e-05,16280
2915,0.16626662,28.77,228799,6540,78,0.05,1.9070714918537712e-05,3.909867327820393e-05,16340
2928,0.19891122999999997,32.89,229677,6560,78,0.05,1.9070714918537712e-05,3.410948738746811e-05,16410
2938,0.20302376,33.37,230208,6580,78,0.05,1.9070714918537712e-05,2.927139057646855e-05,16480
2957,0.21797811,40.9,231633,6600,78,0.05,1.9070714918537712e-05,3.42276278843201e-05,16540
2967,0.22080286000000002,41.83,232240,6620,78,0.05,1.9070714918537712e-05,3.756278683795244e-05,16610
2977,0.21762315,40.71,232870,6640,78,0.05,1.9070714918537712e-05,4.203756125207292e-05,16680
2990,0.20487346999999997,40.05,233682,6660,78,0.05,1.9070714918537712e-05,3.403694163353066e-05,16740
3000,0.20850977000000004,41.03,234311,6680,78,0.05,1.9070714918537712e-05,3.281592353232554e-05,16810
3010,0.19595854000000001,34.03,235036,6700,78,0.05,1.9070714918537712e-05,3.5992186803923686e-05,16880
3018,0.19653998,34.13,235653,6720,78,0.05,1.9070714918537712e-05,3.9703089805698254e-05,16940
3032,0.19537307,38.49,236719,6740,78,0.05,1.9070714918537712e-05,1.6405354062953848e-05,17010
3041,0.18658003,35.69,237251,6760,78,0.05,1.9070714918537712e-05,5.0616523913049606e-05,17080
3056,0.18670714,40.6,238371,6780,77,0.05,1.9070714918537712e-05,2.9137236288079295e-05,17140
3070,0.17953972,39.99,239035,6800,77,0.05,1.9070714918537712e-05,3.855954073515022e-05,17210
3081,0.17287696000000005,39.51,239604,6820,77,0.05,1.9070714918537712e-05,3.2916580767050616e-05,17280
3094,0.17561770000000002,35.18,240237,6840,77,0.05,1.9070714918537712e-05,3.416271938476712e-05,17340
3117,0.20578131000000002,41.66,241417,6860,77,0.05,1.9070714918537712e-05,3.459546569501981e-05,17410
3139,0.24154422000000003,47.46,243117,6880,77,0.05,1.9070714918537712e-05,3.3074495468099487e-05,17480
3163,0.26926263,55.72,244607,6900,77,0.05,1.9070714918537712e-05,4.4716111915477086e-05,17540
3180,0.29822910999999996,60.57,245661,6920,77,0.05,1.9070714918537712e-05,4.3694500709534624e-05,17610
3189,0.30296143000000003,60.54,246291,6940,77,0.05,1.9070714918537712e-05,3.578988316803589e-05,17680
3199,0.27822527,55.6,246977,6960,77,0.05,1.9070714918537712e-05,3.8181700620043554e-05,17740
3210,0.25293927,46.59,247776,6980,77,0.05,1.9070714918537712e-05,3.1199365002976266e-05,17810
3223,0.22724221,40.89,248696,7000,77,0.05,1.9070714918537712e-05,4.0835567961039485e-05,17880
3241,0.21894765999999996,42.75,249936,7020,77,0.05,1.9070714918537712e-05,6.905398381604755e-05,17940
3255,0.23333573999999999,46.87,250978,7040,77,0.05,1.9070714918537712e-05,4.767847185576102e-05,18010
3272,0.24562036999999998,53.73,252350,7060,77,0.05,1.9070714918537712e-05,6.111794318712782e-05,18080
3284,0.24916737,55.09,253285,7080,77,0.05,1.9070714918537712e-05,3.147518827972817e-05,18140
3302,0.2779157,59.62,254658,7100,77,0.05,1.9070714918537712e-05,4.9515299269842214e-05,18210
3311,0.27174272999999993,53.88,255324,7120,77,0.05,1.9070714918537712e-05,3.821394002443412e-05,18280
3331,0.25327389000000006,58.95,256873,7140,77,0.05,1.9070714918537712e-05,6.119981117080897e-05,18340
3349,0.25965758,58.01,258151,7160,77,0.05,1.9070714918537712e-05,6.515976328955731e-05,18410
3364,0.27000943000000005,60.24,259309,7180,77,0.05,1.9070714918537712e-05,4.037210492242593e-05,18480
3373,0.24054377,52.23,259881,7200,77,0.05,1.9070714918537712e-05,3.284983972662303e-05,18540
3392,0.25605088000000004,61.54,261478,7220,77,0.05,1.9070714918537712e-05,4.6259709779405964e-05,18610
3423,0.27610836,69.2,263793,7240,77,0.05,1.9070714918537712e-05,5.924380548094632e-05,18680
3443,0.28914882,72.73,265424,7260,77,0.05,1.9070714918537712e-05,4.9704787215887336e-05,18740
3463,0.28505003,76.59,266968,7280,77,0.05,1.9070714918537712e-05,4.707889074779814e-05,18810
3482,0.32787872,86.39,268520,7300,77,0.05,1.9070714918537712e-05,6.917559367138892e-05,18880
3506,0.34051176000000005,89.11,270389,7320,77,0.05,1.9070714918537712e-05,2.9189003089413746e-05,18940
3532,0.34745234,87.38,272531,7340,77,0.05,1.9070714918537712e-05,4.301035378375673e-05,19010
3555,0.35054588000000003,89.08,274332,7360,77,0.05,1.9070714918537712e-05,6.174057816679123e-05,19080
3568,0.353228,84.05,275373,7380,77,0.05,1.9070714918537712e-05,3.988893822679529e-05,19140
3589,0.34540796,84.85,277005,7400,77,0.05,1.9070714918537712e-05,5.387191540648928e-05,19210
3610,0.35024657000000015,82.1,278599,7420,77,0.05,1.9070714918537712e-05,4.5779295123793415e-05,19280
3632,0.34919054000000005,78.57,280388,7440,77,0.05,1.9070714918537712e-05,5.033448487665737e-05,19340
3650,0.3225311,75.92,281924,7460,77,0.05,1.9070714918537712e-05,5.9298502401361473e-05,19410
3664,0.31115327,74.48,282821,7480,77,0.05,1.9070714918537712e-05,5.685713658749591e-05,19480
3677,0.28869653,67.22,283727,7500,77,0.05,1.9070714918537712e-05,5.447355506476015e-05,19540
3694,0.27641866000000004,64.22,285021,7520,77,0.05,1.9070714918537712e-05,6.46863429210498e-05,19610
3720,0.28137213000000005,67.41,287129,7540,77,0.05,1.9070714918537712e-05,4.1827206632660816e-05,19680
3730,0.26659271,59.17,287841,7560,77,0.05,1.9070714918537712e-05,6.848840821476188e-05,19740
3750,0.2932051,66.8,289501,7580,77,0.05,1.9070714918537712e-05,4.562049361993559e-05,19810
3766,0.32245233000000006,69.05,290632,7600,77,0.05,1.9070714918537712e-05,5.698601689800853e-05,19880
3775,0.30134264,62.52,291273,7620,77,0.05,1.9070714918537712e-05,4.26162157964427e-05,19940
3787,0.28821062000000003,49.43,292072,7640,77,0.05,1.9070714918537712e-05,4.5492466961150056e-05,20010
3807,0.30788954,56.48,293489,7660,77,0.05,1.9070714918537712e-05,8.512230342603289e-05,20080
3818,0.28142364999999997,48.01,294302,7680,77,0.05,1.9070714918537712e-05,6.234188986127265e-05,20140
3837,0.28547616,51.29,295761,7700,77,0.05,1.9070714918537712e-05,4.348526545072673e-05,20210
3849,0.28750594,52.94,296567,7720,77,0.05,1.9070714918537712e-05,4.522995795923635e-05,20280
3859,0.27436228,52.22,297294,7740,77,0.05,1.9070714918537712e-05,5.756566488344106e-05,20340
3874,0.27670777,49.19,298408,7760,77,0.05,1.9070714918537712e-05,4.4512885324365925e-05,20410
3889,0.28648079,51.05,299407,7780,76,0.05,1.9070714918537712e-05,3.647199910119525e-05,20480
3910,0.29617267999999997,52.08,300969,7800,76,0.05,1.9070714918537712e-05,4.8535200949118004e-05,20540
3922,0.28727949,52.24,301791,7820,76,0.05,1.9070714918537712e-05,4.967582990502706e-05,20610
3934,0.29838412,53.44,302638,7840,76,0.05,1.9070714918537712e-05,4.248709119565319e-05,20680
3948,0.31127400999999993,52.36,303644,7860,76,0.05,1.9070714918537712e-05,5.56736818907666e-05,20740
3957,0.28730056000000004,47.93,304200,7880,76,0.05,1.9070714918537712e-05,8.84762388523086e-05,20810
3970,0.25265687,41.6,305129,7900,76,0.05,1.9070714918537712e-05,5.1937611806351926e-05,20880
3981,0.26705419,41.57,305948,7920,76,0.05,1.9070714918537712e-05,3.263075855102216e-05,20940
3998,0.25795098,46.15,307253,7940,76,0.05,1.9070714918537712e-05,5.4769442886026806e-05,21010
4009,0.23371621999999995,43.62,308006,7960,76,0.05,1.9070714918537712e-05,7.440702174790203e-05,21080
4025,0.25501471,49.66,309166,7980,76,0.05,1.9070714918537712e-05,5.070151510153664e-05,21140
4039,0.25131978,50.88,310217,8000,76,0.05,1.9070714918537712e-05,4.417581412781146e-05,21210
4060,0.28584175,59.08,311856,8020,76,0.05,1.9070714918537712e-05,5.753511904913466e-05,21280
4073,0.30807685,56.24,312877,8040,76,0.05,1.9070714918537712e-05,4.5406975186779166e-05,21340
4086,0.3332407599999999,58.51,313857,8060,76,0.05,1.9070714918537712e-05,3.791783055930864e-05,21410
4102,0.34172489000000006,58.4,315006,8080,76,0.05,1.9070714918537712e-05,3.179642685608996e-05,21480
4113,0.35265196,57.13,315930,8100,76,0.05,1.9070714918537712e-05,7.34955734515097e-05,21540
4128,0.35379004999999997,53.53,317209,8120,76,0.05,1.9070714918537712e-05,6.660544731857953e-05,21610
4143,0.34932384,54.43,318320,8140,76,0.05,1.9070714918537712e-05,4.5339168900682124e-05,21680
4163,0.33924178,58.24,319681,8160,76,0.05,1.9070714918537712e-05,4.565085391732282e-05,21740
4177,0.32699990999999995,58.02,320808,8180,76,0.05,1.9070714918537712e-05,3.3176599390571934e-05,21810
4193,0.33612714999999993,60.05,321935,8200,76,0.05,1.9070714918537712e-05,4.0176542097469794e-05,21880
4210,0.32355883999999996,61.37,323346,8220,76,0.05,1.9070714918537712e-05,4.8079158023028865e-05,21940
4224,0.32105554,60.54,324374,8240,76,0.05,1.9070714918537712e-05,4.979672221452347e-05,22010
4234,0.30282747000000004,54.14,325095,8260,76,0.05,1.9070714918537712e-05,5.0630902569537285e-05,22080
4248,0.32421831999999995,52.88,326096,8280,76,0.05,1.9070714918537712e-05,6.28201492872904e-05,22140
4274,0.33493365999999997,63.64,328299,8300,76,0.05,1.9070714918537712e-05,3.579692984203575e-05,22210
4304,0.3439306,73.7,330716,8320,76,0.05,1.9070714918537712e-05,5.5737013826728796e-05,22280
4322,0.33998926000000007,78.51,332225,8340,76,0.05,1.9070714918537712e-05,6.836897891844273e-05,22340
4345,0.3613156,89.87,334082,8360,76,0.05,1.9070714918537712e-05,4.102790735487361e-05,22410
4370,0.40112934,101.05,336201,8380,76,0.05,1.9070714918537712e-05,5.8913580323860516e-05,22480
4392,0.39768888,96.66,337965,8400,76,0.05,1.9070714918537712e-05,4.483476868699654e-05,22540
4419,0.39902489,94.66,340182,8420,76,0.05,1.9070714918537712e-05,7.548525281890761e-05,22610
4432,0.39270614000000004,90.48,341273,8440,76,0.05,1.9070714918537712e-05,5.356514866434736e-05,22680
4451,0.4032991000000001,89.23,343005,8460,77,0.05,1.9070714918537712e-05,5.7876309710991336e-05,22740
4471,0.3831138800000001,86.59,344860,8480,77,0.05,1.9070714918537712e-05,4.768955022882437e-05,22810
4492,0.39751647,87.7,346735,8500,77,0.05,1.9070714918537712e-05,7.549617384938756e-05,22880
4514,0.40039783000000007,84.12,348594,8520,77,0.05,1.9070714918537712e-05,4.0206291487265844e-05,22940
4531,0.42963035,88.22,350095,8540,77,0.05,1.9070714918537712e-05,4.026585575047648e-05,23010
4548,0.44530370000000014,86.37,351642,8560,77,0.05,1.9070714918537712e-05,5.9392651564849075e-05,23080
4567,0.45388338999999994,85.27,353387,8580,77,0.05,1.9070714918537712e-05,5.406040654634126e-05,23140
4584,0.45161937,79.79,354714,8600,77,0.05,1.9070714918537712e-05,0.00012122506013838575,23210
4606,0.46151699,79.26,356520,8620,77,0.05,1.9070714918537712e-05,4.792074996657902e-05,23280
4624,0.47649458,79.47,358042,8640,77,0.05,1.9070714918537712e-05,4.130873476242414e-05,23340
4642,0.45766245999999994,79.2,359562,8660,77,0.05,1.9070714918537712e-05,6.638798877247609e-05,23410
4657,0.42340003000000004,74.51,360838,8680,77,0.05,1.9070714918537712e-05,5.985351417621132e-05,23480
4678,0.44075776000000016,80.11,362725,8700,77,0.05,1.9070714918537712e-05,3.9904284312797246e-05,23540
4694,0.4226743499999999,76.11,364131,8720,77,0.05,1.9070714918537712e-05,6.778872666473035e-05,23610
4714,0.40494960000000013,77.34,365776,8740,77,0.05,1.9070714918537712e-05,5.9247927310934756e-05,23680
4738,0.44555487,83.6,367922,8760,77,0.05,1.9070714918537712e-05,4.837935885007028e-05,23740
4752,0.4537851299999999,83.73,369211,8780,77,0.05,1.9070714918537712e-05,7.379395301541081e-05,23810
4773,0.4133991300000001,82.59,370984,8800,77,0.05,1.9070714918537712e-05,7.111404320312432e-05,23880
4794,0.43016098999999997,86.85,372816,8820,77,0.05,1.9070714918537712e-05,7.60035857638286e-05,23940
4815,0.4456429400000001,87.63,374539,8840,77,0.05,1.9070714918537712e-05,8.368505596081376e-05,24010
4839,0.44759762,85.89,376511,8860,77,0.05,1.9070714918537712e-05,6.739270702382782e-05,24080
4865,0.48256988999999995,99.52,379163,8880,77,0.05,1.9070714918537712e-05,6.60956176034233e-05,24140
4890,0.53158938,101.74,381158,8900,77,0.05,1.9070714918537712e-05,4.1411158053961114e-05,24210
4911,0.5228390399999999,98.58,382674,8920,77,0.05,1.9070714918537712e-05,8.551934861316113e-05,24280
4934,0.53202113,103.06,384845,8940,77,0.05,1.9070714918537712e-05,4.9708735423337204e-05,24340
4949,0.49438810000000005,99.08,386419,8960,78,0.05,1.9070714918537712e-05,6.333219716907479e-05,24410
4964,0.47849203999999995,88.49,388012,8980,78,0.05,1.9070714918537712e-05,8.277431297756265e-05,24480
4981,0.48167718000000015,85.7,389728,9000,78,0.05,1.9070714918537712e-05,5.95471567066852e-05,24540
5013,0.52637571,97.64,392438,9020,78,0.05,1.9070714918537712e-05,6.862065001769224e-05,24610
5039,0.5344807600000001,97.31,394576,9040,78,0.05,1.9070714918537712e-05,5.79852636292344e-05,24680
5060,0.5793987899999999,98.45,396264,9060,78,0.05,1.9070714918537712e-05,7.327947951125679e-05,24740
5079,0.5825172999999999,98.13,397825,9080,78,0.05,1.9070714918537712e-05,5.0288717466173695e-05,24810
5097,0.5396778100000001,95.99,399327,9100,78,0.05,1.9070714918537712e-05,9.370851266794488e-05,24880
5122,0.5122979199999999,89.5,401388,9120,78,0.05,1.9070714918537712e-05,4.0517656088923104e-05,24940
5143,0.48692479999999994,84.39,403015,9140,78,0.05,1.9070714918537712e-05,8.54968158819247e-05,25010
5162,0.46789095,83.66,404630,9160,78,0.05,1.9070714918537712e-05,8.136004962580045e-05,25080
5181,0.46058458,85.38,406363,9180,78,0.05,1.9070714918537712e-05,0.00011186833107785787,25140
5200,0.47388165000000015,84.77,407804,9200,78,0.05,1.9070714918537712e-05,6.501559691969305e-05,25210
5224,0.4930472,83.68,409756,9220,78,0.05,1.9070714918537712e-05,5.277182972349692e-05,25280
5258,0.5147803,93.32,412347,9240,78,0.05,1.9070714918537712e-05,9.677350772108184e-05,25340
5287,0.5098869100000001,102.54,414884,9260,78,0.05,1.9070714918537712e-05,5.090467348054517e-05,25410
5317,0.54587752,107.02,417065,9280,78,0.05,1.9070714918537712e-05,0.00013131949781381992,25480
5349,0.54374192,117.47,419551,9300,78,0.05,1.9070714918537712e-05,5.063631733719376e-05,25540
5377,0.5146819,119.57,421713,9320,78,0.05,1.9070714918537712e-05,7.27898668628768e-05,25610
5405,0.5169897999999999,116.85,424032,9340,78,0.05,1.9070714918537712e-05,4.836327261728002e-05,25680
5428,0.511519,109.8,425864,9360,78,0.05,1.9070714918537712e-05,4.937016074109124e-05,25740
5453,0.46780204000000003,107.66,427831,9380,78,0.05,1.9070714918537712e-05,7.457940355379833e-05,25810
5468,0.46768037,95.51,429102,9400,78,0.05,1.9070714918537712e-05,5.3389781714940907e-05,25880
5491,0.48854937,94.17,431130,9420,78,0.05,1.9070714918537712e-05,6.542257215187419e-05,25940
5512,0.4677331,89.33,432965,9440,78,0.05,1.9070714918537712e-05,6.771476546418853e-05,26010
5535,0.45628885,92.06,435070,9460,78,0.05,1.9070714918537712e-05,4.481536834646249e-05,26080
5555,0.4830942200000001,92.23,437054,9480,78,0.05,1.9070714918537712e-05,4.089486010343535e-05,26140
5579,0.49892710000000007,98.01,438903,9500,78,0.05,1.9070714918537712e-05,7.361901962212868e-05,26210
5598,0.48628092,93.25,440455,9520,78,0.05,1.9070714918537712e-05,4.756698945129756e-05,26280
5625,0.50406401,98.7,442835,9540,78,0.05,1.9070714918537712e-05,7.69426300394116e-05,26340
5648,0.5563157200000002,98.08,444878,9560,78,0.05,1.9070714918537712e-05,6.618739544137498e-05,26410
5667,0.55080334,95.66,446620,9580,78,0.05,1.9070714918537712e-05,4.279121803847374e-05,26480
5694,0.56375325,102.03,449106,9600,78,0.05,1.9070714918537712e-05,5.705518760805717e-05,26540
5723,0.57859591,112.61,451716,9620,78,0.05,1.9070714918537712e-05,9.82164247034234e-05,26610
5750,0.5826446,113.02,454137,9640,78,0.05,1.9070714918537712e-05,8.847730505294749e-05,26680
5770,0.54237835,110.14,455892,9660,79,0.05,1.9070714918537712e-05,0.00011620748664427083,26740
5795,0.5593475800000001,112.91,457911,9680,79,0.05,1.9070714918537712e-05,5.6500471055187516e-05,26810
5820,0.5545476100000001,111.57,460263,9700,79,0.05,1.9070714918537712e-05,6.106742102929275e-05,26880
5843,0.52639201,106.75,462391,9720,79,0.05,1.9070714918537712e-05,5.785824887425406e-05,26940
5875,0.53896225,108.81,465018,9740,79,0.05,1.9070714918537712e-05,4.605225431077997e-05,27010
5905,0.57202518,119.94,467886,9760,79,0.05,1.9070714918537712e-05,5.918203096371144e-05,27080
5939,0.57583719,131.78,471089,9780,79,0.05,1.9070714918537712e-05,4.46365263996995e-05,27140
5964,0.5923653,130.36,473299,9800,79,0.05,1.9070714918537712e-05,6.329483840090688e-05,27210
5992,0.62315445,134.08,475799,9820,79,0.05,1.9070714918537712e-05,0.00010492886940483004,27280
6021,0.6374009099999999,136.39,478657,9840,79,0.05,1.9070714918537712e-05,5.2317918107291914e-05,27340
6042,0.61302436,126.17,480503,9860,79,0.05,1.9070714918537712e-05,8.646953592688078e-05,27410
6064,0.62371632,114.1,482499,9880,79,0.05,1.9070714918537712e-05,5.426044417617959e-05,27480
6098,0.63688059,124.14,485713,9900,79,0.05,1.9070714918537712e-05,0.00012749343914038037,27540
6118,0.6409613000000001,117.49,487548,9920,79,0.05,1.9070714918537712e-05,5.340504030755255e-05,27610
6146,0.6281646699999999,116.05,490262,9940,79,0.05,1.9070714918537712e-05,6.978697510930942e-05,27680
6174,0.6668893600000001,124.3,492933,9960,79,0.05,1.9070714918537712e-05,6.612475299334619e-05,27740
6196,0.66027858,127.76,495275,9980,79,0.05,1.9070714918537712e-05,8.288508797704708e-05,27810
6214,0.6145316499999999,113.4,497053,10000,79,0.05,1.9070714918537712e-05,7.854144187149358e-05,27880
6236,0.57718833,120.18,499566,10020,80,0.05,1.9070714918537712e-05,4.5535167009802537e-05,27940
6262,0.58513931,119.67,502229,10040,80,0.05,1.9070714918537712e-05,8.407133936998435e-05,28010
6279,0.5256576199999999,107.1,503643,10060,80,0.05,1.9070714918537712e-05,7.912006731203292e-05,28080
6308,0.5069999799999999,110.22,506297,10080,80,0.05,1.9070714918537712e-05,7.642562504770468e-05,28140
6330,0.5070803,114.21,508474,10100,80,0.05,1.9070714918537712e-05,4.612229913618649e-05,28210
6355,0.55641896,115.44,511110,10120,80,0.05,1.9070714918537712e-05,6.499525907202041e-05,28280
6377,0.54678961,111.13,513342,10140,80,0.05,1.9070714918537712e-05,7.108458885340951e-05,28340
6407,0.5911827500000001,127.32,516375,10160,80,0.05,1.9070714918537712e-05,6.146488340164069e-05,28410
6429,0.60265645,119.89,518286,10180,80,0.05,1.9070714918537712e-05,4.184535127933486e-05,28480
6452,0.6206826,117.88,520262,10200,80,0.05,1.9070714918537712e-05,9.081299067474902e-05,28540
6470,0.59255624,109.04,522014,10220,80,0.05,1.9070714918537712e-05,7.820288265065755e-05,28610
6488,0.5817547499999999,106.63,524005,10240,80,0.05,1.9070714918537712e-05,6.878462900203886e-05,28680
6504,0.56390368,91.23,525498,10260,80,0.05,1.9070714918537712e-05,0.00011215896720386808,28740
6527,0.54298908,94.95,527781,10280,80,0.05,1.9070714918537712e-05,5.2834920370514735e-05,28810
6545,0.5158375799999999,93.88,529650,10300,80,0.05,1.9070714918537712e-05,0.00010713309529819526,28880
6565,0.5145999600000001,95.94,531608,10320,80,0.05,1.9070714918537712e-05,0.00011816070291388314,28940
6594,0.54266631,102.76,534281,10340,81,0.05,1.9070714918537712e-05,0.000115755018487107,29010
6612,0.53997129,103.32,535830,10360,81,0.05,1.9070714918537712e-05,7.077235086399014e-05,29080
6639,0.57463135,109.57,538738,10380,81,0.05,1.9070714918537712e-05,6.56183421597234e-05,29140
6661,0.63883474,113.56,541006,10400,81,0.05,1.9070714918537712e-05,4.791554147232091e-05,29210
6691,0.6623926499999999,126.16,544224,10420,81,0.05,1.9070714918537712e-05,4.9871029386849844e-05,29280
6708,0.6289352899999998,115.25,545806,10440,81,0.05,1.9070714918537712e-05,8.78972894497565e-05,29340
6730,0.6389249600000001,122.86,548116,10460,81,0.05,1.9070714918537712e-05,6.807502059018589e-05,29410
6755,0.5984033099999999,117.4,550478,10480,81,0.05,1.9070714918537712e-05,9.655897565608029e-05,29480
6780,0.5510264500000001,113.55,552361,10500,81,0.05,1.9070714918537712e-05,4.6695126729900946e-05,29540
6826,0.51491451,112.22,555446,10520,81,0.05,1.9070714918537712e-05,8.30425912681676e-05,29610
6860,0.48768234,113.79,557185,10540,81,0.05,1.9070714918537712e-05,6.545574542542454e-05,29680
6902,0.4975804199999999,117.31,559847,10560,81,0.05,1.9070714918537712e-05,8.383686908928212e-05,29740
6924,0.48943173,113.3,561808,10580,81,0.05,1.9070714918537712e-05,5.926762660237728e-05,29810
6949,0.51608372,117.69,564130,10600,81,0.05,1.9070714918537712e-05,5.240040281933034e-05,29880
6976,0.55902479,113.06,566752,10620,81,0.05,1.9070714918537712e-05,6.165401191537967e-05,29940
7003,0.6087959399999999,122.99,569484,10640,81,0.05,1.9070714918537712e-05,4.754881756525719e-05,30010
7026,0.6432463799999999,118.71,571718,10660,81,0.05,1.9070714918537712e-05,6.637984179178603e-05,30080
7045,0.6994250899999999,119.11,573719,10680,81,0.05,1.9070714918537712e-05,0.00010571057937340811,30140
7066,0.71293333,116.95,575825,10700,81,0.05,1.9070714918537712e-05,5.681234360963572e-05,30210
7091,0.6846706199999999,117.45,578497,10720,81,0.05,1.9070714918537712e-05,0.00011098789236712037,30280
7107,0.6525891700000002,106.63,580147,10740,81,0.05,1.9070714918537712e-05,0.00011063451238442212,30340
7127,0.6284881400000001,105.47,582265,10760,81,0.05,1.9070714918537712e-05,7.746231203782372e-05,30410
7157,0.6033968799999999,117.84,585503,10780,81,0.05,1.9070714918537712e-05,8.350563803105615e-05,30480
7183,0.61033465,126.1,588435,10800,81,0.05,1.9070714918537712e-05,0.00011300169899186585,30540
7202,0.60165339,117.88,590285,10820,81,0.05,1.9070714918537712e-05,6.973414783715271e-05,30610
7225,0.63579921,125.95,592742,10840,82,0.05,1.9070714918537712e-05,0.0001055269507560297,30680
7249,0.59049589,130.34,595299,10860,82,0.05,1.9070714918537712e-05,8.734025768717402e-05,30740
7268,0.55232421,117.05,597208,10880,82,0.05,1.9070714918537712e-05,5.9290032368153334e-05,30810
7304,0.5063082,119.39,600374,10900,82,0.05,1.9070714918537712e-05,0.00010583302173472475,30880
7339,0.50912088,124.93,602778,10920,82,0.05,1.9070714918537712e-05,9.52093738305848e-05,30940
7370,0.48778665,128.33,605575,10940,82,0.05,1.9070714918537712e-05,6.663268977717962e-05,31010
7385,0.50146876,118.92,607191,10960,82,0.05,1.9070714918537712e-05,8.431992609985173e-05,31080
7400,0.50250203,114.77,608685,10980,82,0.05,1.9070714918537712e-05,6.281102523644221e-05,31140
7418,0.50480272,102.24,610598,11000,82,0.05,1.9070714918537712e-05,7.405494980048389e-05,31210
7433,0.53240847,94.28,612206,11020,82,0.05,1.9070714918537712e-05,0.0001464754122935119,31280
7453,0.5253866899999999,88.54,614429,11040,82,0.05,1.9070714918537712e-05,0.00011120715653305524,31340
7466,0.5021175399999999,84.49,615640,11060,82,0.05,1.9070714918537712e-05,7.67874651501188e-05,31410
7485,0.52078531,87.95,617480,11080,82,0.05,1.9070714918537712e-05,6.457704839704092e-05,31480
7498,0.49335107000000006,81.36,618734,11100,82,0.05,1.9070714918537712e-05,5.6156140453822444e-05,31540
7509,0.44708121999999995,77.11,619917,11120,82,0.05,1.9070714918537712e-05,6.650569484918378e-05,31610
7526,0.43828079000000003,71.49,621578,11140,82,0.05,1.9070714918537712e-05,8.28584008559119e-05,31680
7546,0.48255647999999995,82.38,623878,11160,82,0.05,1.9070714918537712e-05,7.032345074549084e-05,31740
7564,0.49397363000000005,83.99,625879,11180,82,0.05,1.9070714918537712e-05,6.68873237373191e-05,31810
7581,0.52587994,89.8,627714,11200,82,0.05,1.9070714918537712e-05,8.12654803667101e-05,31880
7605,0.5045505299999999,104.3,630347,11220,82,0.05,1.9070714918537712e-05,5.400838435889455e-05,31940
7628,0.55289655,116.77,633255,11240,83,0.05,1.9070714918537712e-05,7.154168552006012e-05,32010
7652,0.5570882899999999,119.0,635778,11260,83,0.05,1.9070714918537712e-05,8.923541681724601e-05,32080
7674,0.56216513,123.75,638254,11280,83,0.05,1.9070714918537712e-05,5.764477391494438e-05,32140
7700,0.5698805499999999,135.41,641255,11300,83,0.05,1.9070714918537712e-05,6.926744354132097e-05,32210
7717,0.61603039,127.17,643064,11320,83,0.05,1.9070714918537712e-05,7.411183287331369e-05,32280
7736,0.5940500400000002,118.25,645080,11340,83,0.05,1.9070714918537712e-05,3.941310988011537e-05,32340
7756,0.5914176000000001,114.74,647252,11360,83,0.05,1.9070714918537712e-05,5.378088299039519e-05,32410
7774,0.6089987600000001,108.75,649129,11380,83,0.05,1.9070714918537712e-05,9.750276512932032e-05,32480
7794,0.61637811,99.47,651202,11400,83,0.05,1.9070714918537712e-05,5.239991869530058e-05,32540
7814,0.6487829,103.95,653459,11420,83,0.05,1.9070714918537712e-05,8.095142566162394e-05,32610
7835,0.6519787699999999,108.36,655916,11440,83,0.05,1.9070714918537712e-05,7.078313501551747e-05,32680
7861,0.66527634,115.24,658776,11460,83,0.05,1.9070714918537712e-05,8.97412091944716e-05,32740
7885,0.69499672,120.9,661219,11480,83,0.05,1.9070714918537712e-05,8.838048033794621e-05,32810
7906,0.70371808,124.9,663692,11500,83,0.05,1.9070714918537712e-05,9.223363958881237e-05,32880
7929,0.68537908,126.77,666136,11520,84,0.05,1.9070714918537712e-05,5.343107332009822e-05,32940
7950,0.7081864299999999,125.54,668470,11540,84,0.05,1.9070714918537712e-05,7.381904324574862e-05,33010
7969,0.6859130699999999,118.83,670659,11560,84,0.05,1.9070714918537712e-05,8.063727600529091e-05,33080
7992,0.6290775900000001,120.34,673253,11580,84,0.05,1.9070714918537712e-05,0.00010343878184357891,33140
8017,0.61298874,122.91,675983,11600,84,0.05,1.9070714918537712e-05,7.270564401551383e-05,33210
8037,0.62008283,119.15,678051,11620,84,0.05,1.9070714918537712e-05,9.970739502023207e-05,33280
8054,0.5621935,113.71,679841,11640,84,0.05,1.9070714918537712e-05,6.724101567670004e-05,33340
8074,0.53520459,112.64,681923,11660,84,0.05,1.9070714918537712e-05,6.036413560650544e-05,33410
8097,0.5394395399999999,110.8,684333,11680,84,0.05,1.9070714918537712e-05,6.68314589347574e-05,33480
8120,0.5042008800000001,109.08,686891,11700,84,0.05,1.9070714918537712e-05,7.392935676762136e-05,33540
8144,0.47694780999999997,115.13,689564,11720,84,0.05,1.9070714918537712e-05,4.9031339403882154e-05,33610
8165,0.50853212,118.12,691653,11740,84,0.05,1.9070714918537712e-05,4.876037883150275e-05,33680
8189,0.5618113100000001,126.23,694546,11760,84,0.05,1.9070714918537712e-05,6.479487456090283e-05,33740
8210,0.5762882500000001,127.02,697035,11780,84,0.05,1.9070714918537712e-05,7.015433729975484e-05,33810
8228,0.6312579700000001,121.43,699034,11800,84,0.05,1.9070714918537712e-05,5.8625953352020586e-05,33880
8247,0.67925629,115.63,701127,11820,85,0.05,1.9070714918537712e-05,6.905661830387544e-05,33940
8262,0.6649350900000002,110.5,702703,11840,85,0.05,1.9070714918537712e-05,7.279608362296131e-05,34010
8287,0.67401471,109.36,705482,11860,85,0.05,1.9070714918537712e-05,6.881338995299303e-05,34080
8301,0.64017391,100.32,707067,11880,85,0.05,1.9070714918537712e-05,4.9736911387299186e-05,34140
8318,0.61077537,100.22,709056,11900,85,0.05,1.9070714918537712e-05,7.907520503067645e-05,34210
8339,0.5995299599999999,101.73,711300,11920,85,0.05,1.9070714918537712e-05,7.010829303908395e-05,34280
8361,0.61892717,111.21,713824,11940,85,0.05,1.9070714918537712e-05,7.246661043609492e-05,34340
8387,0.5949677000000001,110.29,716511,11960,85,0.05,1.9070714918537712e-05,6.304663274931954e-05,34410
8411,0.63838556,119.64,719031,11980,85,0.05,1.9070714918537712e-05,8.950238625402563e-05,34480
8436,0.6938032400000002,129.6,722016,12000,85,0.05,1.9070714918537712e-05,6.713787879562006e-05,34540
8458,0.6666378500000002,132.66,724566,12020,85,0.05,1.9070714918537712e-05,0.0001050271854182938,34610
8485,0.6686321700000001,136.92,727516,12040,85,0.05,1.9070714918537712e-05,5.987796848785365e-05,34680
8507,0.6789239100000001,134.17,729928,12060,85,0.05,1.9070714918537712e-05,7.499702769564465e-05,34740
8528,0.68290463,130.53,732084,12080,85,0.05,1.9070714918537712e-05,0.00015814672333362977,34810
8555,0.6263217799999999,129.07,734923,12100,85,0.05,1.9070714918537712e-05,8.218855582526885e-05,34880
8574,0.6554510099999998,124.67,737033,12120,85,0.05,1.9070714918537712e-05,9.038555654115044e-05,34940
8594,0.65736658,116.81,739197,12140,86,0.05,1.9070714918537712e-05,6.154504626465496e-05,35010
8618,0.6817734700000001,118.18,741746,12160,86,0.05,1.9070714918537712e-05,7.566507138108136e-05,35080
8643,0.6799602500000002,123.3,744414,12180,86,0.05,1.9070714918537712e-05,7.748797033855226e-05,35140
8665,0.72654441,118.19,746742,12200,86,0.05,1.9070714918537712e-05,7.629564133821986e-05,35210
8691,0.7500942399999999,127.53,749786,12220,86,0.05,1.9070714918537712e-05,9.66988991422113e-05,35280
8711,0.7797852000000002,128.38,752035,12240,86,0.05,1.9070714918537712e-05,0.00010342796049371828,35340
8731,0.7134759799999999,124.39,754185,12260,86,0.05,1.9070714918537712e-05,6.36329670669511e-05,35410
8759,0.71296793,131.65,757579,12280,86,0.05,1.9070714918537712e-05,8.990001097117784e-05,35480
8782,0.7147429200000001,133.67,760109,12300,86,0.05,1.9070714918537712e-05,6.87452673446387e-05,35540
8802,0.6875896999999999,123.86,762172,12320,86,0.05,1.9070714918537712e-05,8.783225730439881e-05,35610
8821,0.6686895199999999,123.32,764367,12340,86,0.05,1.9070714918537712e-05,6.31139766483102e-05,35680
8838,0.6764796300000002,122.09,766394,12360,86,0.05,1.9070714918537712e-05,5.548363242269261e-05,35740
8859,0.6853121400000001,110.77,768656,12380,86,0.05,1.9070714918537712e-05,8.455568440695061e-05,35810
8879,0.6618590999999999,107.91,770900,12400,86,0.05,1.9070714918537712e-05,0.0001316426993071218,35880
8901,0.6501860400000001,108.19,772991,12420,86,0.05,1.9070714918537712e-05,6.637338701693807e-05,35940
8930,0.6631681,111.13,775480,12440,86,0.05,1.9070714918537712e-05,7.053756435198011e-05,36010
8948,0.67577933,109.56,777350,12460,86,0.05,1.9070714918537712e-05,5.7085304797510615e-05,36080
8967,0.6868002599999999,106.94,779350,12480,86,0.05,1.9070714918537712e-05,7.722980644757627e-05,36140
8985,0.68368862,101.91,781091,12500,86,0.05,1.9070714918537712e-05,8.291493613796775e-05,36210
9008,0.70603535,107.03,783694,12520,86,0.05,1.9070714918537712e-05,0.00011799947496911045,36280
9029,0.70128209,105.05,785985,12540,87,0.05,1.9070714918537712e-05,0.00010912143116001972,36340
9050,0.7330874000000001,112.04,788554,12560,87,0.05,1.9070714918537712e-05,0.00012292387436900752,36410
9071,0.70607934,115.06,790856,12580,87,0.05,1.9070714918537712e-05,7.157000618462916e-05,36480
9091,0.7299615599999999,118.18,792909,12600,87,0.05,1.9070714918537712e-05,6.173805250000441e-05,36540
9111,0.73703055,113.28,795022,12620,87,0.05,1.9070714918537712e-05,6.748566847818438e-05,36610
9129,0.7134276099999998,110.55,797040,12640,87,0.05,1.9070714918537712e-05,0.00013701866009796504,36680
9149,0.7087332500000001,107.38,799292,12660,87,0.05,1.9070714918537712e-05,9.51123805862153e-05,36740
9172,0.7181637499999998,109.5,801806,12680,87,0.05,1.9070714918537712e-05,6.642591542913579e-05,36810
9198,0.6820402900000001,116.78,804587,12700,87,0.05,1.9070714918537712e-05,5.829479960084427e-05,36880
9214,0.6206703100000001,111.13,806135,12720,87,0.05,1.9070714918537712e-05,0.00010279060752509395,36940
9241,0.59895388,119.67,809007,12740,87,0.05,1.9070714918537712e-05,7.612109548063017e-05,37010
9261,0.56633698,115.96,810888,12760,87,0.05,1.9070714918537712e-05,5.938892609265167e-05,37080
9286,0.56437789,114.23,813229,12780,87,0.05,1.9070714918537712e-05,9.563751336827409e-05,37140
9312,0.58378549,111.81,815768,12800,87,0.05,1.9070714918537712e-05,8.006349198694807e-05,37210
9337,0.6129917800000001,120.13,818148,12820,87,0.05,1.9070714918537712e-05,0.00011011215501639526,37280
9362,0.61422322,115.97,820604,12840,87,0.05,1.9070714918537712e-05,6.837233995611313e-05,37340
9393,0.6546706299999999,126.48,823536,12860,87,0.05,1.9070714918537712e-05,7.095866385498084e-05,37410
9416,0.6226399100000001,125.35,825764,12880,87,0.05,1.9070714918537712e-05,9.036167793965432e-05,37480
9441,0.6306816199999999,125.7,828338,12900,87,0.05,1.9070714918537712e-05,7.106556167855161e-05,37540
9472,0.6682394900000002,134.29,831577,12920,87,0.05,1.9070714918537712e-05,4.443315892785904e-05,37610
9496,0.7279698,133.09,833913,12940,87,0.05,1.9070714918537712e-05,6.647022346442099e-05,37680
9517,0.7160495400000001,124.72,836008,12960,87,0.05,1.9070714918537712e-05,9.048530118889175e-05,37740
9538,0.7252121800000001,121.72,837936,12980,87,0.05,1.9070714918537712e-05,9.965650497179013e-05,37810
9568,0.73718611,126.79,841017,13000,87,0.05,1.9070714918537712e-05,7.036295737634646e-05,37880
9594,0.73456618,119.81,843558,13020,87,0.05,1.9070714918537712e-05,9.272014576708898e-05,37940
9615,0.7060105900000002,118.47,845760,13040,87,0.05,1.9070714918537712e-05,9.526031790301204e-05,38010
9638,0.6988316200000001,117.75,847783,13060,87,0.05,1.9070714918537712e-05,8.657497255626367e-05,38080
9664,0.73029296,124.07,850343,13080,87,0.05,1.9070714918537712e-05,0.00010889897075685439,38140
9692,0.6887600600000002,119.75,852992,13100,88,0.05,1.9070714918537712e-05,8.591781952418386e-05,38210
9715,0.65152202,117.15,855273,13120,88,0.05,1.9070714918537712e-05,9.461392182856798e-05,38280
9737,0.64268518,118.31,857591,13140,88,0.05,1.9070714918537712e-05,7.541532904724591e-05,38340
9758,0.58920395,117.12,859495,13160,88,0.05,1.9070714918537712e-05,8.009503417270026e-05,38410
9779,0.5841766300000001,112.15,861558,13180,88,0.05,1.9070714918537712e-05,7.147752112359739e-05,38480
9803,0.6417954099999998,109.71,863963,13200,88,0.05,1.9070714918537712e-05,5.547700493480079e-05,38540
9828,0.6822905499999998,112.17,866490,13220,88,0.05,1.9070714918537712e-05,7.179333424573997e-05,38610
9855,0.7095961199999999,117.3,869321,13240,88,0.05,1.9070714918537712e-05,9.070702362805605e-05,38680
9878,0.7928128,120.55,871550,13260,88,0.05,1.9070714918537712e-05,0.00010723284685809631,38740
9897,0.8011553100000001,124.29,873987,13280,88,0.05,1.9070714918537712e-05,7.622761913808062e-05,38810
9916,0.7673881500000002,121.0,876063,13300,88,0.05,1.9070714918537712e-05,8.930144431360532e-05,38880
9938,0.7225954,123.04,878794,13320,88,0.05,1.9070714918537712e-05,6.743663834640756e-05,38940
9958,0.7229238000000001,117.21,881042,13340,88,0.05,1.9070714918537712e-05,8.175029106496367e-05,39010
9970,0.6721949199999999,109.88,882538,13360,88,0.05,1.9070714918537712e-05,8.197525385185145e-05,39080
9990,0.6463199199999999,109.37,884924,13380,88,0.05,1.9070714918537712e-05,0.00011494351128931158,39140
10006,0.64828077,107.88,886851,13400,88,0.05,1.9070714918537712e-05,7.886839648563182e-05,39210
10024,0.68712011,102.76,889070,13420,88,0.05,1.9070714918537712e-05,7.439602704835124e-05,39280
10050,0.68163546,112.01,892243,13440,88,0.05,1.9070714918537712e-05,0.00012265396726434118,39340
10066,0.7034792400000001,115.78,894116,13460,88,0.05,1.9070714918537712e-05,6.101657436374808e-05,39410
10089,0.7316418900000001,120.23,896947,13480,88,0.05,1.9070714918537712e-05,8.680978025950025e-05,39480
10107,0.71466416,122.41,899092,13500,88,0.05,1.9070714918537712e-05,0.00010013141290983185,39540
10129,0.7032031899999999,126.94,901764,13520,89,0.05,1.9070714918537712e-05,0.00011745452575269155,39610
10149,0.6708828499999998,118.93,904136,13540,89,0.05,1.9070714918537712e-05,5.95040752159548e-05,39680
10177,0.68972094,135.48,907664,13560,89,0.05,1.9070714918537712e-05,7.020751254458447e-05,39740
10196,0.6879220500000001,130.17,909964,13580,89,0.05,1.9070714918537712e-05,7.796671816322487e-05,39810
10215,0.7019744500000001,128.85,911977,13600,89,0.05,1.9070714918537712e-05,8.358675695490092e-05,39880
10233,0.7057953,123.35,914099,13620,89,0.05,1.9070714918537712e-05,7.097489742591279e-05,39940
10259,0.74204065,131.35,917271,13640,89,0.05,1.9070714918537712e-05,7.816622237442062e-05,40010
10283,0.7580182399999998,125.3,920194,13660,89,0.05,1.9070714918537712e-05,8.145038118527737e-05,40080
10303,0.74764823,125.8,922544,13680,89,0.05,1.9070714918537712e-05,6.39207521089702e-05,40140
10329,0.7568954000000001,135.79,925556,13700,89,0.05,1.9070714918537712e-05,4.7220964552252555e-05,40210
10355,0.7565847199999999,145.49,928648,13720,89,0.05,1.9070714918537712e-05,8.331902608915698e-05,40280
10371,0.7180758599999999,131.52,930423,13740,89,0.05,1.9070714918537712e-05,0.0001045097094902303,40340
10394,0.6635593100000001,129.57,933151,13760,89,0.05,1.9070714918537712e-05,5.994967796141282e-05,40410
10417,0.67039767,132.67,935811,13780,89,0.05,1.9070714918537712e-05,7.869377914175857e-05,40480
10440,0.6850989900000001,130.04,938560,13800,89,0.05,1.9070714918537712e-05,6.54781691991957e-05,40540
10460,0.6669818599999999,123.78,941026,13820,89,0.05,1.9070714918537712e-05,5.9222278468951115e-05,40610
10483,0.6815559600000001,134.69,943892,13840,90,0.05,1.9070714918537712e-05,6.198935898282798e-05,40680
10507,0.7048959299999998,137.0,946851,13860,90,0.05,1.9070714918537712e-05,7.46611165595823e-05,40740
10529,0.71042198,137.63,949574,13880,90,0.05,1.9070714918537712e-05,8.58376057294663e-05,40810
10554,0.66007273,140.29,952589,13900,90,0.05,1.9070714918537712e-05,5.04909909068374e-05,40880
10573,0.69598658,141.06,955132,13920,90,0.05,1.9070714918537712e-05,5.744792379118735e-05,40940
10595,0.74497563,137.57,957649,13940,90,0.05,1.9070714918537712e-05,7.869462642702274e-05,41010
10620,0.7673933700000002,140.95,960946,13960,90,0.05,1.9070714918537712e-05,7.479303676518611e-05,41080
10638,0.7687577200000003,135.95,963169,13980,90,0.05,1.9070714918537712e-05,9.909022119245492e-05,41140
10662,0.8044738500000002,132.32,965821,14000,90,0.05,1.9070714918537712e-05,7.672956253372832e-05,41210
10680,0.7661627300000002,127.8,967912,14020,90,0.05,1.9070714918537712e-05,7.324716461880598e-05,41280
10697,0.72068216,123.99,970048,14040,90,0.05,1.9070714918537712e-05,9.109497013923829e-05,41340
10719,0.69488162,117.22,972668,14060,90,0.05,1.9070714918537712e-05,6.639358653046657e-05,41410
10737,0.6989393199999998,116.61,974830,14080,90,0.05,1.9070714918537712e-05,6.849289993624553e-05,41480
10763,0.7123867300000002,122.79,978100,14100,90,0.05,1.9070714918537712e-05,9.244916291208937e-05,41540
10779,0.7098445000000001,120.79,979991,14120,90,0.05,1.9070714918537712e-05,8.577101725677494e-05,41610
10802,0.7182307799999998,126.37,982685,14140,90,0.05,1.9070714918537712e-05,0.00010415649903734447,41680
10826,0.69576976,130.19,985687,14160,91,0.05,1.9070714918537712e-05,6.903246940055396e-05,41740
10846,0.6741669,130.75,987905,14180,91,0.05,1.9070714918537712e-05,6.951049781491747e-05,41810
10870,0.6796604899999998,126.32,990732,14200,91,0.05,1.9070714918537712e-05,6.831895298091695e-05,41880
10885,0.6417341999999999,125.11,992502,14220,91,0.05,1.9070714918537712e-05,5.9380554921517616e-05,41940
10904,0.60521488,119.93,994678,14240,91,0.05,1.9070714918537712e-05,6.12625437497627e-05,42010
10924,0.62913264,115.18,997205,14260,91,0.05,1.9070714918537712e-05,8.769238011154811e-05,42080
10943,0.64172893,116.04,999509,14280,91,0.05,1.9070714918537712e-05,6.523302236018935e-05,42140
