rollout/ep_rew_mean,time/fps,time/total_timesteps,rollout/ep_len_mean,time/time_elapsed,time/iterations,train/n_updates,train/entropy_loss,train/value_loss,train/policy_loss,train/learning_rate,train/explained_variance
0.03664749152542372,139,2048,34.45762711864407,14,1,,,,,,
0.04014744943820224,121,4096,44.37078651685393,33,2,1,-1.9459097385406494,0.0055066486820578575,0.08738542348146439,0.0007,-1.3343853950500488
0.04286316000000001,122,6144,44.07,49,3,2,-1.2957332134246826,1119.015380859375,-41.156105041503906,0.0007,-0.1571962833404541
0.020688790000000002,127,8192,26.78,64,4,3,-1.9450634717941284,0.10605033487081528,-0.619438648223877,0.0007,-0.5629259347915649
0.03003244,126,10240,27.79,81,5,4,-1.937793254852295,11.909543991088867,6.635826110839844,0.0007,-0.7040016651153564
0.03352294,127,12288,32.11,96,6,5,-1.9459048509597778,0.0032600308768451214,-0.07414378225803375,0.0007,-0.037102580070495605
0.01905741,129,14336,23.13,111,7,6,-1.9458363056182861,0.017805539071559906,0.24478811025619507,0.0007,-0.19581663608551025
0.0323079,129,16384,30.37,126,8,7,-1.9458775520324707,0.0017864096444100142,-0.03670075535774231,0.0007,-0.025143027305603027
0.03384921999999999,131,18432,29.58,140,9,8,-1.9458520412445068,0.0016518081538379192,0.01148403249680996,0.0007,-0.0026636123657226562
0.02761283,131,20480,27.36,155,10,9,-1.9458160400390625,0.0014359154738485813,0.00518232025206089,0.0007,-0.005500674247741699
0.0270764,132,22528,30.61,170,11,10,-1.9458110332489014,0.001413225312717259,-0.0025193579494953156,0.0007,-0.0003418922424316406
0.03271403999999999,131,24576,31.79,186,12,11,-1.9457943439483643,0.0015017982805147767,0.0021434235386550426,0.0007,-0.0009974241256713867
0.028468629999999998,132,26624,26.38,201,13,12,-1.9457778930664062,0.0012878603301942348,-0.003433192614465952,0.0007,-0.0010589361190795898
0.033143320000000004,130,28672,29.76,219,14,13,-1.9457716941833496,0.0015201427740976214,0.0017308206297457218,0.0007,0.005263149738311768
0.02990487,130,30720,25.33,235,15,14,-1.9457478523254395,0.0017310583498328924,0.0072586555033922195,0.0007,0.007414281368255615
0.03780703,130,32768,34.71,250,16,15,-1.9457149505615234,0.0016010525869205594,0.0010202322155237198,0.0007,0.005374431610107422
0.028440900000000005,130,34816,31.69,266,17,16,-1.945683240890503,0.0015387267339974642,0.006047413684427738,0.0007,0.014985620975494385
0.03408747,131,36864,32.06,279,18,17,-1.9456812143325806,0.00139650609344244,-0.00900416448712349,0.0007,0.010927915573120117
0.030117650000000006,130,38912,28.21,298,19,18,-1.9456647634506226,0.0016920857597142458,0.0006547863595187664,0.0007,0.015735208988189697
0.028064639999999995,129,40960,30.25,316,20,19,-1.9456294775009155,0.0015398843679577112,0.00095218641217798,0.0007,0.019803285598754883
0.03652285,129,43008,31.49,332,21,20,-1.945602536201477,0.0012360456166788936,-0.0029787695966660976,0.0007,0.01372385025024414
0.04302682,129,45056,38.36,348,22,21,-1.9455682039260864,0.0033818536903709173,0.03797783702611923,0.0007,-0.003449678421020508
0.02663574,129,47104,26.7,364,23,22,-1.9454739093780518,0.0016465781955048442,-0.027067141607403755,0.0007,0.010585665702819824
0.033835069999999995,129,49152,30.29,379,24,23,-1.9454665184020996,0.0013793681282550097,-0.006108060013502836,0.0007,0.010383427143096924
0.03886325,129,51200,30.72,394,25,24,-1.9454536437988281,0.0014026074204593897,0.003376334672793746,0.0007,0.0203934907913208
0.03440148999999999,130,53248,33.74,408,26,25,-1.945438265800476,0.0022717686370015144,0.0077068498358130455,0.0007,0.009121417999267578
0.024240239999999993,130,55296,33.16,424,27,26,-1.945378065109253,0.0014951587654650211,-0.008684071712195873,0.0007,0.011623919010162354
0.028921660000000002,130,57344,31.72,439,28,27,-1.9453868865966797,0.0011555273085832596,-0.015522632747888565,0.0007,0.01792210340499878
0.039376839999999996,130,59392,30.81,454,29,28,-1.9453840255737305,0.0014819297939538956,0.0014669137308374047,0.0007,0.012455642223358154
0.03883455,131,61440,29.89,468,30,29,-1.945354700088501,0.001989348791539669,0.012278592213988304,0.0007,0.021619439125061035
0.03038805,131,63488,30.47,483,31,30,-1.9453176259994507,0.001436341553926468,-0.0047043440863490105,0.0007,0.02660202980041504
0.033737249999999996,130,65536,33.27,500,32,31,-1.9452612400054932,0.0014327504904940724,-0.004206875339150429,0.0007,0.0039841532707214355
0.041400049999999994,131,67584,37.31,514,33,32,-1.9452534914016724,0.0017443604301661253,0.0024710195139050484,0.0007,0.021510660648345947
0.03961294,130,69632,31.56,533,34,33,-1.945255994796753,0.0019002349581569433,0.015944436192512512,0.0007,0.009551942348480225
0.04026949999999999,130,71680,35.2,547,35,34,-1.9451972246170044,0.0015665017999708652,-0.009190330281853676,0.0007,0.037828803062438965
0.023182840000000007,131,73728,30.72,560,36,35,-1.9451987743377686,0.0015956413699313998,0.002773967804387212,0.0007,0.009949982166290283
0.026318099999999997,131,75776,28.05,576,37,36,-1.9451494216918945,0.0012702224776148796,-0.016599461436271667,0.0007,0.016632437705993652
0.03389114,131,77824,29.25,591,38,37,-1.945164442062378,0.0015368571039289236,0.005052139051258564,0.0007,0.011802136898040771
0.03574827,131,79872,35.55,606,39,38,-1.9450998306274414,0.0015110657550394535,-0.0016060206107795238,0.0007,0.03527587652206421
0.03549384,131,81920,36.05,622,40,39,-1.945069432258606,0.0021624895744025707,0.018326904624700546,0.0007,0.010474562644958496
0.029272929999999996,131,83968,30.32,637,41,40,-1.9449759721755981,0.0014234348200261593,-0.0179589930921793,0.0007,0.030590176582336426
0.02547713,132,86016,28.27,650,42,41,-1.9449899196624756,0.0015025361208245158,-0.002078984398394823,0.0007,0.019666731357574463
0.029590240000000004,132,88064,29.71,665,43,42,-1.9449453353881836,0.0013987396378070116,0.0014041304821148515,0.0007,-0.012977123260498047
0.041774700000000005,132,90112,37.11,682,44,43,-1.9449183940887451,0.001973566133528948,0.010225828737020493,0.0007,0.011691570281982422
0.04334410999999999,132,92160,36.21,697,45,44,-1.9448423385620117,0.0021331612952053547,0.00672211404889822,0.0007,0.011897265911102295
0.03925303,131,94208,39.39,715,46,45,-1.9447665214538574,0.00156609364785254,0.0017585363239049911,0.0007,0.019209623336791992
0.04381388,131,96256,43.04,733,47,46,-1.9446969032287598,0.0013493149308487773,-0.022654535248875618,0.0007,0.03194737434387207
0.03310907999999999,130,98304,27.11,751,48,47,-1.944727897644043,0.002751433290541172,0.026365848258137703,0.0007,0.026995480060577393
0.03394614,130,100352,28.57,768,49,48,-1.9446357488632202,0.0013515844475477934,-0.020397519692778587,0.0007,0.03493046760559082
0.03205826,130,102400,32.32,781,50,49,-1.94468355178833,0.0013961271615698934,-0.004760872106999159,0.0007,0.041850924491882324
0.034168989999999996,131,104448,30.57,795,51,50,-1.9446814060211182,0.0015413746004924178,-0.0014522632118314505,0.0007,0.03580760955810547
0.036347729999999995,131,106496,29.08,810,52,51,-1.9445995092391968,0.0015496881678700447,0.001331954961642623,0.0007,0.02753746509552002
0.04140979000000001,131,108544,31.88,825,53,52,-1.944598913192749,0.001530632027424872,0.0007693154038861394,0.0007,0.04839301109313965
0.03737806,131,110592,31.2,840,54,53,-1.9445369243621826,0.0017069451278075576,0.003917686175554991,0.0007,0.042333126068115234
0.02772411,131,112640,27.95,855,55,54,-1.944407343864441,0.0015231192810460925,-0.0009490476222708821,0.0007,0.027863264083862305
0.025387920000000005,131,114688,25.94,871,56,55,-1.9443209171295166,0.0012413605581969023,-0.014330444857478142,0.0007,0.03901118040084839
0.03220692,131,116736,26.86,886,57,56,-1.9443223476409912,0.0014368114061653614,0.003724373411387205,0.0007,0.023256301879882812
0.028043889999999995,131,118784,26.61,901,58,57,-1.9442310333251953,0.0016283814329653978,0.006344650872051716,0.0007,0.042924463748931885
0.030957339999999996,131,120832,29.49,917,59,58,-1.9440670013427734,0.0013526425464078784,-0.00703311525285244,0.0007,0.032075345516204834
0.0392463,131,122880,31.14,932,60,59,-1.9440443515777588,0.0018301692325621843,0.00961311161518097,0.0007,0.03151482343673706
0.034717450000000004,131,124928,26.72,947,61,60,-1.9439749717712402,0.0015891435323283076,-0.0035672085359692574,0.0007,0.06823956966400146
0.02855730000000001,131,126976,30.65,963,62,61,-1.9438856840133667,0.0015714768087491393,-0.00281720282509923,0.0007,0.03399372100830078
0.03468396,131,129024,33.32,978,63,62,-1.943741798400879,0.0012487272033467889,-0.008279361762106419,0.0007,0.05976897478103638
0.03749604,131,131072,37.95,994,64,63,-1.9437081813812256,0.0013903864892199636,0.009232282638549805,0.0007,0.059446632862091064
0.03992506999999999,131,133120,34.65,1011,65,64,-1.9435391426086426,0.0013553006574511528,-0.013967457227408886,0.0007,0.058502912521362305
0.027078199999999993,131,135168,30.11,1024,66,65,-1.9435021877288818,0.0019107508705928922,0.01882285624742508,0.0007,0.043867528438568115
0.03389968,132,137216,28.39,1038,67,66,-1.9432883262634277,0.0012848146725445986,-0.016828499734401703,0.0007,0.02246832847595215
0.03776663,132,139264,30.9,1054,68,67,-1.9433387517929077,0.001637511420994997,0.003095349296927452,0.0007,0.039032936096191406
0.03346189,132,141312,26.83,1068,69,68,-1.9431707859039307,0.0012356769293546677,-0.0010319864377379417,0.0007,0.0684438943862915
0.03918115,132,143360,32.71,1082,70,69,-1.9430415630340576,0.0013582517858594656,0.0003624891396611929,0.0007,0.06257319450378418
0.03456204,132,145408,33.33,1098,71,70,-1.9428765773773193,0.0014877666253596544,0.0076330360025167465,0.0007,0.057801008224487305
0.036084479999999995,132,147456,40.94,1115,72,71,-1.9426801204681396,0.001744402339681983,-0.01103117037564516,0.0007,0.05391424894332886
0.03340212,132,149504,35.0,1129,73,72,-1.9423584938049316,0.001751039526425302,0.01347219105809927,0.0007,-0.017393946647644043
0.03618242,132,151552,33.29,1145,74,73,-1.9420816898345947,0.001961586531251669,-0.010259299539029598,0.0007,0.025461554527282715
0.04137309000000001,132,153600,38.73,1161,75,74,-1.9419944286346436,0.0023370529524981976,0.016572240740060806,0.0007,0.01909470558166504
0.042499470000000004,132,155648,26.97,1174,76,75,-1.941470980644226,0.002063330262899399,-0.0150659354403615,0.0007,0.04180312156677246
0.0447778,132,157696,30.76,1192,77,76,-1.94155752658844,0.0018824944272637367,0.008841661736369133,0.0007,0.05951279401779175
0.050139940000000015,132,159744,39.15,1208,78,77,-1.941182255744934,0.0017007960705086589,-0.0019718590192496777,0.0007,0.03744858503341675
0.04886236,132,161792,40.28,1224,79,78,-1.9407367706298828,0.002139746444299817,0.005071641877293587,0.0007,0.036300063133239746
0.027482539999999996,132,163840,29.84,1240,80,79,-1.9396560192108154,0.0017126398161053658,-0.025409599766135216,0.0007,0.0850488543510437
0.0317725,132,165888,32.84,1255,81,80,-1.9402979612350464,0.0014886298449710011,0.010808118619024754,0.0007,0.04111689329147339
0.02647843,132,167936,24.71,1270,82,81,-1.9400196075439453,0.0016277488321065903,-0.004844555165618658,0.0007,0.054515957832336426
0.04350906,131,169984,33.72,1287,83,82,-1.93971848487854,0.0013204577844589949,-0.001958581618964672,0.0007,0.062209904193878174
0.05459005,131,172032,43.5,1303,84,83,-1.9392237663269043,0.002424650127068162,0.03189758211374283,0.0007,0.043158888816833496
0.03747064,131,174080,34.68,1319,85,84,-1.9379255771636963,0.002661874983459711,-0.029608137905597687,0.0007,0.025462031364440918
0.03488629,131,176128,34.37,1335,86,85,-1.9391734600067139,0.0015238435007631779,-0.004519018344581127,0.0007,0.06472724676132202
0.040483469999999994,131,178176,39.69,1350,87,86,-1.9389591217041016,0.0014571023639291525,0.007878506556153297,0.0007,0.018870830535888672
0.03801688,131,180224,31.8,1366,88,87,-1.938107967376709,0.001441292930394411,0.0026523550041019917,0.0007,0.07129937410354614
0.04285560999999999,131,182272,29.74,1381,89,88,-1.9370089769363403,0.0017160491552203894,-0.01071169599890709,0.0007,0.05808615684509277
0.044653229999999995,131,184320,34.31,1402,90,89,-1.9360136985778809,0.002043120563030243,0.017875157296657562,0.0007,0.04559361934661865
0.0259179,131,186368,27.66,1418,91,90,-1.933044195175171,0.0016773657407611609,-0.02536551095545292,0.0007,0.05260741710662842
0.03273301000000001,131,188416,26.9,1433,92,91,-1.9335346221923828,0.001475171186029911,0.010282116010785103,0.0007,0.04573667049407959
0.04069808,131,190464,32.39,1450,93,92,-1.9332818984985352,0.0024207804817706347,0.015023743733763695,0.0007,0.007425844669342041
0.03452656,131,192512,31.22,1465,94,93,-1.931121826171875,0.0020639635622501373,-0.028775379061698914,0.0007,0.02680027484893799
0.038428170000000005,131,194560,35.31,1482,95,94,-1.932087779045105,0.0014070349279791117,0.008433723822236061,0.0007,0.050759315490722656
0.04673059,131,196608,30.47,1497,96,95,-1.929767370223999,0.0020546354353427887,0.010622675530612469,0.0007,0.022078633308410645
0.050795259999999995,131,198656,34.01,1512,97,96,-1.925290822982788,0.0021872897632420063,-0.001150352880358696,0.0007,0.042566776275634766
0.04872107000000001,131,200704,37.49,1529,98,97,-1.9194443225860596,0.0018885073950514197,-0.01638421043753624,0.0007,0.07594388723373413
0.048123179999999995,131,202752,32.61,1546,99,98,-1.9162423610687256,0.0016201096586883068,0.0212956964969635,0.0007,0.12261617183685303
0.04062843,131,204800,28.08,1563,100,99,-1.9129420518875122,0.0023341369815170765,-0.03415526822209358,0.0007,0.0912976861000061
0.04799567,130,206848,40.31,1581,101,100,-1.9176000356674194,0.0020066064316779375,0.04204152524471283,0.0007,0.029131770133972168
0.05418189999999999,130,208896,48.81,1595,102,101,-1.9167134761810303,0.001946784439496696,-0.011526522226631641,0.0007,0.043011486530303955
0.049079239999999996,130,210944,33.99,1611,103,102,-1.9195923805236816,0.0015716955531388521,-0.008460147306323051,0.0007,0.04580718278884888
0.04042568,130,212992,30.39,1626,104,103,-1.916161060333252,0.0026718461886048317,0.01810573786497116,0.0007,0.023886501789093018
0.028300380000000003,130,215040,26.88,1642,105,104,-1.9110314846038818,0.0020143757574260235,-0.03772655129432678,0.0007,0.038453757762908936
0.0372391,130,217088,32.23,1657,106,105,-1.914628505706787,0.001399606466293335,0.014345299452543259,0.0007,0.047775983810424805
0.044965979999999996,130,219136,28.25,1673,107,106,-1.9102548360824585,0.001931850565597415,0.00802698452025652,0.0007,0.04875671863555908
0.05066705,130,221184,33.76,1689,108,107,-1.9105725288391113,0.0019045853987336159,0.0071766250766813755,0.0007,0.05188268423080444
0.051957949999999996,130,223232,36.88,1705,109,108,-1.8985626697540283,0.0025923792272806168,-0.012292759492993355,0.0007,0.041294634342193604
0.059951349999999994,130,225280,45.74,1721,110,109,-1.8980295658111572,0.0014041515532881021,0.0005767903057858348,0.0007,0.09005218744277954
0.05294447000000001,130,227328,45.28,1736,111,110,-1.8889694213867188,0.0017676545539870858,-0.0013018036261200905,0.0007,0.09341293573379517
0.050524400000000004,131,229376,32.3,1749,112,111,-1.8806116580963135,0.0018585184589028358,-0.011885043233633041,0.0007,0.0860486626625061
0.06363371000000001,130,231424,43.29,1767,113,112,-1.8745208978652954,0.002232948550954461,0.04066077992320061,0.0007,0.08127278089523315
0.061820160000000006,130,233472,45.42,1782,114,113,-1.8406072854995728,0.004747594241052866,-0.09379130601882935,0.0007,0.045555949211120605
0.049323570000000004,130,235520,36.62,1798,115,114,-1.9238266944885254,0.0028087501414120197,0.06113366037607193,0.0007,0.044608354568481445
0.04346096,130,237568,32.03,1813,116,115,-1.9223041534423828,0.001943250885233283,0.03267330676317215,0.0007,0.037151992321014404
0.04229794,131,239616,32.6,1828,117,116,-1.9219896793365479,0.001655516680330038,-0.0015140732284635305,0.0007,0.04288792610168457
0.045302590000000004,131,241664,37.8,1843,118,117,-1.9204070568084717,0.0023219319991767406,0.01165278535336256,0.0007,0.027493774890899658
0.051257529999999996,131,243712,37.43,1858,119,118,-1.917230248451233,0.0017417286289855838,-0.019651800394058228,0.0007,0.04811519384384155
0.048193190000000004,130,245760,32.9,1878,120,119,-1.9101911783218384,0.001969942357391119,0.0209042988717556,0.0007,0.07751810550689697
0.044133509999999994,130,247808,30.62,1895,121,120,-1.9017231464385986,0.002387318992987275,0.0004951377050019801,0.0007,-0.02490556240081787
0.05209518,130,249856,31.39,1910,122,121,-1.896066427230835,0.002328063827008009,-0.00343124708160758,0.0007,0.05849868059158325
0.04809776,130,251904,31.13,1927,123,122,-1.8844854831695557,0.0018059811554849148,-0.010754209011793137,0.0007,0.07552021741867065
0.04807226,130,253952,39.75,1944,124,123,-1.874192476272583,0.0014135645469650626,-0.000918227422516793,0.0007,0.11670446395874023
0.05709688000000001,130,256000,47.02,1959,125,124,-1.864243984222412,0.0012786935549229383,0.004134326241910458,0.0007,0.09596610069274902
0.0639242,130,258048,46.93,1975,126,125,-1.8451411724090576,0.0016547918785363436,0.0038085435517132282,0.0007,0.133708655834198
0.059646389999999994,130,260096,34.47,1989,127,126,-1.8110377788543701,0.0017459179507568479,-0.022307708859443665,0.0007,0.17605412006378174
0.05269143,130,262144,30.31,2004,128,127,-1.8038709163665771,0.0029170638881623745,0.05782876908779144,0.0007,0.11081534624099731
0.05169483999999999,130,264192,38.45,2019,129,128,-1.8430416584014893,0.0030440394766628742,-0.0690772756934166,0.0007,0.08180499076843262
0.056390409999999995,130,266240,39.82,2033,130,129,-1.8787662982940674,0.0014402852393686771,0.01638248935341835,0.0007,0.09183162450790405
0.05142833999999998,130,268288,33.82,2050,131,130,-1.8785041570663452,0.0022773128002882004,0.029415670782327652,0.0007,0.06767439842224121
0.04745898,130,270336,36.15,2065,132,131,-1.8622016906738281,0.0024534701369702816,0.004598184488713741,0.0007,0.03232485055923462
0.05653853,130,272384,36.83,2079,133,132,-1.8618932962417603,0.001608813414350152,-0.020775627344846725,0.0007,0.07394957542419434
0.062127269999999984,130,274432,42.24,2095,134,133,-1.8559315204620361,0.002113089896738529,0.027207057923078537,0.0007,0.04622417688369751
0.057764560000000006,130,276480,37.55,2110,135,134,-1.8322583436965942,0.0017155259847640991,-0.02748827636241913,0.0007,0.10443192720413208
0.06515462,131,278528,47.97,2125,136,135,-1.8414418697357178,0.0016291060019284487,0.00928691029548645,0.0007,0.10880297422409058
0.05820875000000001,131,280576,46.06,2141,137,136,-1.8284790515899658,0.0020075796637684107,0.002537339460104704,0.0007,0.08940601348876953
0.0546147,131,282624,32.66,2156,138,137,-1.8072681427001953,0.0018572944682091475,-0.010992572642862797,0.0007,0.07216721773147583
0.055683109999999994,130,284672,41.29,2173,139,138,-1.771261215209961,0.0015506212366744876,0.0007355557754635811,0.0007,0.11051750183105469
0.061503890000000006,130,286720,46.13,2192,140,139,-1.7310303449630737,0.0015764669515192509,0.00040154578164219856,0.0007,0.08374249935150146
0.05610304,130,288768,39.77,2209,141,140,-1.742811918258667,0.0016751557122915983,-0.0051259067840874195,0.0007,0.14008104801177979
0.05502430999999999,130,290816,35.78,2228,142,141,-1.7897837162017822,0.0014785233652219176,0.004270530305802822,0.0007,0.12476545572280884
0.06829179,130,292864,47.43,2244,143,142,-1.8042323589324951,0.0019161063246428967,-0.006069764494895935,0.0007,0.15789586305618286
0.06603975999999999,130,294912,47.7,2261,144,143,-1.790863275527954,0.0014319729525595903,0.011864601634442806,0.0007,0.16776251792907715
0.0625838,130,296960,38.18,2277,145,144,-1.7552390098571777,0.0018666088581085205,-0.03318516165018082,0.0007,0.13879424333572388
0.06607542999999999,130,299008,37.88,2293,146,145,-1.674515724182129,0.00362867908552289,0.07326559722423553,0.0007,0.15272283554077148
0.05467885000000001,130,301056,37.65,2311,147,146,-1.8070354461669922,0.0036887386813759804,-0.0883830115199089,0.0007,0.1359935998916626
0.043053150000000005,130,303104,27.59,2327,148,147,-1.8686202764511108,0.0024670071434229612,0.02520987205207348,0.0007,0.044846951961517334
0.05553502,130,305152,39.04,2343,149,148,-1.8493773937225342,0.0019133146852254868,-0.0019623662810772657,0.0007,0.08430218696594238
0.05419622,130,307200,41.6,2359,150,149,-1.827942132949829,0.0017180260038003325,0.00010369488154537976,0.0007,0.14117109775543213
0.04588437999999999,130,309248,39.28,2376,151,150,-1.8420310020446777,0.001604307210072875,-0.008808565326035023,0.0007,0.08683621883392334
0.057529399999999994,130,311296,47.04,2393,152,151,-1.7926445007324219,0.001506746280938387,-0.007041918579488993,0.0007,0.1208028793334961
0.05921362,129,313344,50.02,2410,153,152,-1.780569076538086,0.001593815628439188,0.008334219455718994,0.0007,0.15426790714263916
0.06216385,129,315392,57.19,2427,154,153,-1.7999019622802734,0.0013936659088358283,-0.009156109765172005,0.0007,0.13852602243423462
0.060307160000000005,129,317440,41.45,2444,155,154,-1.7803916931152344,0.0021161879412829876,0.006638090126216412,0.0007,0.096352219581604
0.06903496999999997,129,319488,38.99,2460,156,155,-1.8058955669403076,0.0018744654953479767,0.009012669324874878,0.0007,0.1120140552520752
0.07148774,129,321536,46.4,2476,157,156,-1.7697585821151733,0.0019133544992655516,-0.004091035574674606,0.0007,0.16493481397628784
0.06590802999999999,129,323584,50.29,2493,158,157,-1.742676019668579,0.0014869899023324251,-0.010229798033833504,0.0007,0.16139709949493408
0.06003285,129,325632,45.5,2507,159,158,-1.722126841545105,0.0018215975724160671,0.0035841199569404125,0.0007,0.09390503168106079
0.06862376,129,327680,48.16,2522,160,159,-1.7379648685455322,0.001310083083808422,-0.010620767250657082,0.0007,0.20361870527267456
0.06466357,129,329728,43.22,2540,161,160,-1.782499074935913,0.001648275530897081,0.021112434566020966,0.0007,0.18499606847763062
0.05659188,129,331776,28.57,2554,162,161,-1.7440707683563232,0.0014913027407601476,-0.02021055668592453,0.0007,0.15976470708847046
0.06097331,129,333824,36.08,2570,163,162,-1.7153949737548828,0.0015926912892609835,0.014069650322198868,0.0007,0.14868152141571045
0.06850125,129,335872,45.86,2587,164,163,-1.6406664848327637,0.0017720989417284727,-0.018708642572164536,0.0007,0.18871426582336426
0.05749403,129,337920,35.9,2600,165,164,-1.6254804134368896,0.0020016806665807962,0.02732190489768982,0.0007,0.19364488124847412
0.06075226000000001,129,339968,36.82,2617,166,165,-1.6719595193862915,0.002382031176239252,-0.046993471682071686,0.0007,0.15788203477859497
0.06523353,129,342016,45.46,2631,167,166,-1.7558045387268066,0.0022846530191600323,0.04625633358955383,0.0007,0.15711718797683716
0.05940475999999999,129,344064,38.38,2647,168,167,-1.7129285335540771,0.0015726794954389334,-0.018898073583841324,0.0007,0.18216049671173096
0.06920822000000001,129,346112,39.98,2666,169,168,-1.7016339302062988,0.0018190662376582623,0.01656770147383213,0.0007,0.1557523012161255
0.07518417999999999,129,348160,50.91,2684,170,169,-1.6190760135650635,0.0021591768600046635,-0.009574025869369507,0.0007,0.18215316534042358
0.07204265,129,350208,52.23,2702,171,170,-1.6408979892730713,0.0015564410714432597,0.00418423768132925,0.0007,0.1825803518295288
0.06420057000000001,129,352256,43.5,2720,172,171,-1.6141839027404785,0.0017112998757511377,0.002148179803043604,0.0007,0.12395042181015015
0.06492067,129,354304,45.03,2734,173,172,-1.6781744956970215,0.0017214802792295814,-0.011481953784823418,0.0007,0.17284733057022095
0.07105165,129,356352,55.89,2752,174,173,-1.6223218441009521,0.0014001994859427214,0.010853484272956848,0.0007,0.1512770652770996
0.06397409000000001,129,358400,54.09,2769,175,174,-1.6442232131958008,0.0015251757577061653,-0.02214977890253067,0.0007,0.2131636142730713
0.05314395000000001,129,360448,35.47,2785,176,175,-1.6398886442184448,0.0013540724758058786,0.012823635712265968,0.0007,0.18599337339401245
0.054781170000000004,129,362496,43.02,2801,177,176,-1.644073486328125,0.0016469014808535576,0.001449653529562056,0.0007,0.1392195224761963
0.06938493,129,364544,52.14,2817,178,177,-1.6934897899627686,0.001358418958261609,-0.009386865422129631,0.0007,0.16900497674942017
0.05489841,129,366592,43.41,2832,179,178,-1.6250619888305664,0.0012911292724311352,0.015028079971671104,0.0007,0.2928871512413025
0.05074106000000001,129,368640,33.61,2852,180,179,-1.6189934015274048,0.0022653299383819103,-0.03929080814123154,0.0007,0.14873021841049194
0.06801895,129,370688,42.67,2869,181,180,-1.6320915222167969,0.003387387841939926,0.06042664870619774,0.0007,0.16126859188079834
0.07449041,129,372736,44.36,2884,182,181,-1.659799575805664,0.002060011960566044,-0.039138682186603546,0.0007,0.19880539178848267
0.05884565,129,374784,36.95,2899,183,182,-1.6621341705322266,0.0019105598330497742,0.020275849848985672,0.0007,0.13025939464569092
0.05764758,129,376832,40.82,2918,184,183,-1.5555347204208374,0.0018645464442670345,-0.02255404368042946,0.0007,0.1046069860458374
0.06593957000000002,129,378880,48.33,2935,185,184,-1.5590696334838867,0.0013531562872231007,0.014984026551246643,0.0007,0.20081502199172974
0.07469761,129,380928,43.64,2952,186,185,-1.4881352186203003,0.0013652383349835873,-0.012959334999322891,0.0007,0.23278504610061646
0.06640338000000001,129,382976,38.37,2968,187,186,-1.5606889724731445,0.0016500628553330898,0.021042831242084503,0.0007,0.19004231691360474
0.07037935000000001,128,385024,43.88,2985,188,187,-1.487025260925293,0.0017348604742437601,-0.03217512369155884,0.0007,0.21939003467559814
0.07260721,128,387072,50.47,3001,189,188,-1.570401906967163,0.0027899600099772215,0.04608327895402908,0.0007,0.2131955623626709
0.06773656,128,389120,50.99,3019,190,189,-1.5430022478103638,0.0017708040541037917,-0.030118124559521675,0.0007,0.1834428906440735
0.06537467000000001,128,391168,42.43,3037,191,190,-1.6338889598846436,0.001793108880519867,0.016934793442487717,0.0007,0.17295324802398682
0.07151468,128,393216,46.76,3053,192,191,-1.5679285526275635,0.0014605794567614794,-0.011502232402563095,0.0007,0.24357366561889648
0.07650659,128,395264,42.97,3071,193,192,-1.57273268699646,0.0015045718755573034,0.012482453137636185,0.0007,0.25761234760284424
0.06772564,128,397312,39.49,3090,194,193,-1.5640449523925781,0.0012324834242463112,-0.011860686354339123,0.0007,0.33631402254104614
0.06969655000000001,128,399360,44.61,3105,195,194,-1.6398160457611084,0.001558620948344469,0.012329751625657082,0.0007,0.147635817527771
0.07246377,128,401408,50.78,3122,196,195,-1.5647872686386108,0.0014856330817565322,-0.020178426057100296,0.0007,0.29541587829589844
0.06989081000000001,128,403456,48.19,3137,197,196,-1.5801541805267334,0.0013470756821334362,0.022136613726615906,0.0007,0.21978169679641724
0.07414646,128,405504,53.54,3152,198,197,-1.574293613433838,0.0015988158993422985,-0.005168312694877386,0.0007,0.19586175680160522
0.07015436,128,407552,51.0,3169,199,198,-1.543231725692749,0.001308391452766955,-0.01160670816898346,0.0007,0.22409236431121826
0.07204422999999999,128,409600,63.46,3186,200,199,-1.5177916288375854,0.0016744241584092379,0.011047985404729843,0.0007,0.24569392204284668
0.08061829,128,411648,70.71,3204,201,200,-1.5147969722747803,0.0012900738511234522,-0.013009332120418549,0.0007,0.2408372163772583
0.07336708,128,413696,64.09,3222,202,201,-1.5498778820037842,0.0012472094967961311,0.016643468290567398,0.0007,0.35490506887435913
0.06518986000000002,128,415744,52.12,3240,203,202,-1.677790880203247,0.0015978578012436628,-0.02235679142177105,0.0007,0.21612924337387085
0.06290165,128,417792,39.08,3255,204,203,-1.6648448705673218,0.0017887387657538056,0.01615377701818943,0.0007,0.17395329475402832
0.06589844,128,419840,36.76,3275,205,204,-1.6295263767242432,0.0020046746358275414,-0.014554432593286037,0.0007,0.20728671550750732
0.062425299999999996,128,421888,49.11,3292,206,205,-1.6475681066513062,0.001083016162738204,0.011345060542225838,0.0007,0.3156277537345886
0.06032833,128,423936,49.41,3307,207,206,-1.5972480773925781,0.0012659775093197823,-0.020834874361753464,0.0007,0.3008064031600952
0.06333699,128,425984,46.54,3325,208,207,-1.6193914413452148,0.0017838944913819432,0.02621728926897049,0.0007,0.1520557403564453
0.06314447000000001,128,428032,40.68,3339,209,208,-1.6104142665863037,0.0015284400433301926,-0.01575618050992489,0.0007,0.24057352542877197
0.05782112,128,430080,35.35,3355,210,209,-1.707344889640808,0.0018948911456391215,0.018267303705215454,0.0007,0.09140598773956299
0.05678115999999999,128,432128,41.47,3372,211,210,-1.5970022678375244,0.001439184881746769,-0.01019958220422268,0.0007,0.22721856832504272
0.050418090000000006,128,434176,36.71,3387,212,211,-1.6091175079345703,0.00117067142855376,-0.006750290747731924,0.0007,0.2530047297477722
0.05571663,128,436224,36.79,3401,213,212,-1.5668432712554932,0.001348242862150073,-0.0069198706187307835,0.0007,0.18801218271255493
0.06855209,128,438272,47.5,3420,214,213,-1.463040828704834,0.0018330499297007918,0.023411713540554047,0.0007,0.2536141276359558
0.07744903,128,440320,44.99,3437,215,214,-1.4688446521759033,0.0017865445697680116,-0.03473828360438347,0.0007,0.2769569754600525
0.06942742999999998,128,442368,44.5,3455,216,215,-1.4964747428894043,0.00273491395637393,0.0448017418384552,0.0007,0.2385881543159485
0.06914006999999998,127,444416,48.15,3472,217,216,-1.3292239904403687,0.003128686686977744,-0.05644360929727554,0.0007,0.2671020030975342
0.07318670000000001,127,446464,55.98,3490,218,217,-1.2184096574783325,0.006314435042440891,0.08746117353439331,0.0007,0.23394274711608887
0.07555459999999999,128,448512,58.36,3503,219,218,-1.6617554426193237,0.0035908438730984926,-0.08105252683162689,0.0007,0.2802944779396057
0.07360562,127,450560,55.37,3521,220,219,-1.7402688264846802,0.001862561795860529,-0.023261426016688347,0.0007,0.1830349564552307
0.07346095,127,452608,53.31,3539,221,220,-1.6605687141418457,0.002373978029936552,-0.004151582717895508,0.0007,0.15817320346832275
0.06875431,127,454656,45.84,3553,222,221,-1.5961494445800781,0.0014883524272590876,-0.013926581479609013,0.0007,0.2488049864768982
0.06885849000000001,127,456704,48.11,3569,223,222,-1.5668764114379883,0.0014938071835786104,-0.006472400855273008,0.0007,0.2057700753211975
0.05859152000000001,127,458752,38.3,3585,224,223,-1.4662201404571533,0.0015646814135834575,0.0011177724227309227,0.0007,0.22602427005767822
0.05594359999999998,127,460800,40.55,3600,225,224,-1.5099233388900757,0.0014784827362746,-0.010340063832700253,0.0007,0.19225561618804932
0.06379128,128,462848,45.81,3614,226,225,-1.5284579992294312,0.0017980269622057676,0.00830010510981083,0.0007,0.1690031886100769
0.07224231999999998,128,464896,47.15,3631,227,226,-1.5185983180999756,0.0014983443543314934,0.00034432270331308246,0.0007,0.23891329765319824
0.07182569000000001,128,466944,50.37,3647,228,227,-1.4765660762786865,0.0010647462913766503,0.005047896411269903,0.0007,0.3885522484779358
0.07497616000000001,128,468992,60.05,3663,229,228,-1.4924299716949463,0.0017476935172453523,-0.01997809112071991,0.0007,0.14038211107254028
0.07347451,128,471040,65.66,3679,230,229,-1.5221056938171387,0.0013374314876273274,0.016897158697247505,0.0007,0.21034550666809082
0.07437183,127,473088,65.9,3699,231,230,-1.5678210258483887,0.001219318713992834,-0.002752867992967367,0.0007,0.2780992388725281
0.06991713000000001,127,475136,53.46,3717,232,231,-1.5541534423828125,0.001496205572038889,0.004455179907381535,0.0007,0.20383644104003906
0.06427156,127,477184,55.16,3736,233,232,-1.5729553699493408,0.0015669319545850158,-0.014059956185519695,0.0007,0.24344640970230103
0.06159115000000001,127,479232,55.2,3750,234,233,-1.5543155670166016,0.0010298577835783362,0.0004351161187514663,0.0007,0.24560433626174927
0.06379800000000001,127,481280,51.32,3766,235,234,-1.5938268899917603,0.0008800159557722509,-0.004548755474388599,0.0007,0.2233317494392395
0.06642288,127,483328,47.0,3782,236,235,-1.647582769393921,0.0017942399717867374,0.013055508024990559,0.0007,0.23818188905715942
0.06457795999999999,127,485376,46.23,3798,237,236,-1.6593647003173828,0.001369801233522594,-0.0020142754074186087,0.0007,0.2629545331001282
0.06382528,127,487424,46.22,3815,238,237,-1.6398732662200928,0.001545596867799759,8.53081583045423e-05,0.0007,0.27469199895858765
0.05622909,127,489472,45.57,3832,239,238,-1.7010974884033203,0.0012985178036615252,-0.006301950663328171,0.0007,0.25806039571762085
0.04465109999999999,127,491520,39.72,3851,240,239,-1.707606554031372,0.0013946196995675564,-0.0019715623930096626,0.0007,0.1538604497909546
0.05014908999999999,127,493568,37.29,3867,241,240,-1.7061985731124878,0.0011650710366666317,-0.009266113862395287,0.0007,0.1895465850830078
0.05797932,127,495616,43.86,3885,242,241,-1.6993385553359985,0.001299509429372847,0.00877249613404274,0.0007,0.1902281641960144
0.06681126000000001,127,497664,54.97,3904,243,242,-1.5982179641723633,0.0012793488567695022,0.0031467191874980927,0.0007,0.22976899147033691
0.07353757,127,499712,59.28,3923,244,243,-1.591044306755066,0.0016209636814892292,-0.003371081780642271,0.0007,0.228299081325531
0.062838,127,501760,43.61,3939,245,244,-1.6480188369750977,0.00208321213722229,0.0228976272046566,0.0007,0.20737618207931519
0.059696740000000005,127,503808,48.8,3955,246,245,-1.6802558898925781,0.0016043727518990636,-0.02191886492073536,0.0007,0.16903972625732422
0.06018217000000001,127,505856,49.38,3973,247,246,-1.720031499862671,0.001547575811855495,0.006349891424179077,0.0007,0.1397113800048828
0.0634446,127,507904,55.19,3992,248,247,-1.705825924873352,0.0025089895352721214,0.012970922514796257,0.0007,0.1524648666381836
0.07139378,127,509952,57.94,4006,249,248,-1.6660362482070923,0.0012555364519357681,-0.0067251925356686115,0.0007,0.24510860443115234
0.07406850999999999,127,512000,57.27,4023,250,249,-1.6415618658065796,0.00147742941044271,-0.007189565803855658,0.0007,0.17405223846435547
0.07037136000000001,127,514048,53.35,4041,251,250,-1.6103172302246094,0.0017771897837519646,0.0058091143146157265,0.0007,0.24611079692840576
0.06741628999999999,127,516096,53.16,4061,252,251,-1.6409804821014404,0.001735493540763855,-0.009208157658576965,0.0007,0.19198393821716309
0.06683829000000001,127,518144,58.74,4079,253,252,-1.5714900493621826,0.0019113401649519801,-0.0016350136138498783,0.0007,0.21877336502075195
0.06874943,126,520192,55.03,4096,254,253,-1.5957484245300293,0.0016834995476529002,0.013683609664440155,0.0007,0.07667320966720581
0.07030507,126,522240,56.4,4114,255,254,-1.5921308994293213,0.0013965058606117964,-0.01547439955174923,0.0007,0.24974483251571655
0.08108443,126,524288,63.44,4131,256,255,-1.590909719467163,0.0013737402623519301,0.006233919411897659,0.0007,0.22169417142868042
0.074926,126,526336,59.28,4150,257,256,-1.5966687202453613,0.0016848379746079445,0.01219724677503109,0.0007,0.25104135274887085
0.06772130999999999,126,528384,48.21,4165,258,257,-1.5675216913223267,0.002228586934506893,-0.020961590111255646,0.0007,0.0927082896232605
0.06643607,126,530432,46.15,4184,259,258,-1.7100701332092285,0.0014553640503436327,0.01602805405855179,0.0007,0.2594830393791199
0.07509565,126,532480,52.25,4202,260,259,-1.657773494720459,0.0013601940590888262,-0.0032875887118279934,0.0007,0.2593744397163391
0.08133286,126,534528,60.81,4218,261,260,-1.616280198097229,0.0010759278666228056,0.004538422450423241,0.0007,0.3783878684043884
0.08331913,126,536576,62.8,4235,262,261,-1.5542021989822388,0.001406982890330255,-0.003360995091497898,0.0007,0.2884926199913025
0.08157605000000002,126,538624,65.3,4254,263,262,-1.4800214767456055,0.0015912905801087618,-0.0019217885565012693,0.0007,0.28229546546936035
0.08322861,126,540672,66.16,4273,264,263,-1.2514504194259644,0.001094417879357934,-0.0122798141092062,0.0007,0.33515042066574097
0.07702148,126,542720,67.84,4291,265,264,-1.2261179685592651,0.001623817253857851,0.031958673149347305,0.0007,0.3849460482597351
0.07752263,126,544768,67.52,4312,266,265,-1.3326853513717651,0.004124326631426811,-0.07341152429580688,0.0007,0.2574382424354553
0.08325089000000001,126,546816,72.6,4330,267,266,-1.4707484245300293,0.00365408044308424,0.06859765946865082,0.0007,0.18850398063659668
0.07778038,126,548864,70.83,4350,268,267,-1.4591436386108398,0.0014161341823637486,-0.005588842090219259,0.0007,0.28571218252182007
0.08507172,126,550912,71.63,4368,269,268,-1.522491693496704,0.0011677774600684643,-0.0036602718755602837,0.0007,0.2563076615333557
0.07904123000000002,126,552960,60.61,4385,270,269,-1.5348361730575562,0.001607268350198865,0.006167481653392315,0.0007,0.2389954924583435
0.08587206,126,555008,60.12,4403,271,270,-1.4050345420837402,0.0012118355371057987,-0.006930708885192871,0.0007,0.30836278200149536
0.07777640000000001,126,557056,51.91,4418,272,271,-1.3276331424713135,0.0016306816833093762,0.004497765563428402,0.0007,0.22688043117523193
0.083024,126,559104,61.18,4436,273,272,-1.3401660919189453,0.0015356141375377774,-0.004885110072791576,0.0007,0.18756014108657837
0.06652344999999998,125,561152,48.32,4455,274,273,-1.3471128940582275,0.0019509766716510057,0.011498313397169113,0.0007,0.20360136032104492
0.06430003999999999,125,563200,47.87,4470,275,274,-1.2407984733581543,0.002095115138217807,-0.03389584273099899,0.0007,0.20175951719284058
0.06264873,125,565248,45.94,4486,276,275,-1.3542938232421875,0.0023941281251609325,0.04185836762189865,0.0007,0.25528484582901
0.07083588,125,567296,56.11,4503,277,276,-1.2496432065963745,0.0020040259696543217,-0.023429159075021744,0.0007,0.24041754007339478
0.07326993,125,569344,56.95,4520,278,277,-1.4240925312042236,0.0015555322170257568,0.01813317835330963,0.0007,0.23843419551849365
0.06597460000000001,125,571392,57.31,4538,279,278,-1.3864662647247314,0.0010559060610830784,-0.006045966409146786,0.0007,0.34180963039398193
0.06896207,125,573440,57.01,4556,280,279,-1.3363828659057617,0.0010915654711425304,-0.0007959337090142071,0.0007,0.1960541009902954
0.07299408,125,575488,56.97,4572,281,280,-1.3737375736236572,0.0020847038831561804,0.02001359313726425,0.0007,0.20739233493804932
0.08124737,125,577536,57.75,4591,282,281,-1.3078632354736328,0.0015511554665863514,-0.024903587996959686,0.0007,0.29703521728515625
0.07402553,125,579584,49.25,4610,283,282,-1.311935544013977,0.001072877086699009,0.006976199336349964,0.0007,0.36497098207473755
0.07192588,125,581632,54.15,4628,284,283,-1.280853509902954,0.0012195243034511805,-0.00743735721334815,0.0007,0.288149356842041
0.07520189000000001,125,583680,49.65,4647,285,284,-1.2409632205963135,0.0013391156680881977,0.014463454484939575,0.0007,0.2851487398147583
0.08484125,125,585728,60.18,4666,286,285,-1.3327288627624512,0.001404993119649589,-0.013010432943701744,0.0007,0.3326243758201599
0.08078444,125,587776,55.6,4685,287,286,-1.4266000986099243,0.0016368485521525145,0.017089463770389557,0.0007,0.3048451542854309
0.079169,125,589824,59.98,4702,288,287,-1.4142591953277588,0.0015554171986877918,-0.024517200887203217,0.0007,0.3025261163711548
0.07045351,125,591872,56.27,4717,289,288,-1.369896411895752,0.0020759310573339462,0.023342011496424675,0.0007,0.22584885358810425
0.08149875999999999,125,593920,65.1,4738,290,289,-1.3721359968185425,0.0012753265909850597,-0.018439576029777527,0.0007,0.2890125513076782
0.08454026000000002,125,595968,61.86,4756,291,290,-1.4452381134033203,0.0012236179318279028,0.009794430807232857,0.0007,0.3461892604827881
0.07473218,125,598016,58.6,4775,292,291,-1.4641656875610352,0.0018658137414604425,0.002999482210725546,0.0007,0.2783316969871521
0.07393603,125,600064,58.68,4792,293,292,-1.5168476104736328,0.0015234609600156546,-0.016811398789286613,0.0007,0.14764124155044556
0.07570252,125,602112,67.42,4812,294,293,-1.3830208778381348,0.0013212686171755195,0.009852143004536629,0.0007,0.2843426465988159
0.08301897,125,604160,74.31,4831,295,294,-1.4359785318374634,0.0018221403006464243,0.012087298557162285,0.0007,0.2828306555747986
0.09338771,125,606208,82.01,4848,296,295,-1.3866432905197144,0.0012488444335758686,-0.010342824272811413,0.0007,0.24125707149505615
0.09024920000000002,125,608256,82.38,4865,297,296,-1.3688468933105469,0.0009936190908774734,-0.006233696360141039,0.0007,0.3592671751976013
0.07396935,124,610304,57.6,4883,298,297,-1.3934354782104492,0.0014017086941748857,0.005326570477336645,0.0007,0.27288001775741577
0.07811775000000003,124,612352,58.67,4902,299,298,-1.4377458095550537,0.0017298005986958742,-0.0016495619202032685,0.0007,0.1922207474708557
0.08031665,124,614400,56.95,4918,300,299,-1.403538465499878,0.0011215896811336279,-0.0034995393361896276,0.0007,0.41737979650497437
0.06925855,124,616448,49.3,4934,301,300,-1.4348289966583252,0.0012061258312314749,0.0003665918775368482,0.0007,0.19829994440078735
0.06948824999999999,124,618496,46.1,4953,302,301,-1.413886547088623,0.0013363277539610863,-0.008081052452325821,0.0007,0.1395757794380188
0.07647413,124,620544,52.24,4970,303,302,-1.4779374599456787,0.0019606519490480423,0.020779460668563843,0.0007,0.30881643295288086
0.09072121,124,622592,62.98,4987,304,303,-1.5095202922821045,0.0017094167415052652,0.0054376255720853806,0.0007,0.09384548664093018
0.08917504000000001,124,624640,59.95,5004,305,304,-1.5095771551132202,0.0013417326845228672,-0.00046894929255358875,0.0007,0.3296217918395996
0.06427374999999999,124,626688,42.2,5019,306,305,-1.511457920074463,0.0022291531786322594,-0.00900872889906168,0.0007,0.043103814125061035
0.06827826,124,628736,52.37,5038,307,306,-1.4656656980514526,0.0012670708820223808,-0.017900794744491577,0.0007,0.19466853141784668
0.07490998,124,630784,62.68,5054,308,307,-1.3554787635803223,0.001350461971014738,0.023451663553714752,0.0007,0.2888578176498413
0.08415288,124,632832,67.72,5067,309,308,-1.4172669649124146,0.0013607618166133761,-0.015686577185988426,0.0007,0.39076095819473267
0.08411060999999999,124,634880,72.37,5087,310,309,-1.383829951286316,0.0008996434626169503,-0.005183578468859196,0.0007,0.41166943311691284
0.0860437,124,636928,75.09,5104,311,310,-1.3480355739593506,0.0008963134605437517,0.0021716244518756866,0.0007,0.27070069313049316
0.08394427,124,638976,75.75,5120,312,311,-1.3022063970565796,0.0009933216497302055,-0.0012496768031269312,0.0007,0.38910186290740967
0.08356914,124,641024,70.01,5137,313,312,-1.1828768253326416,0.0014409522991627455,0.007543645799160004,0.0007,0.23771131038665771
0.08146699,124,643072,69.22,5154,314,313,-1.3283315896987915,0.0014739800244569778,-0.019121740013360977,0.0007,0.26544421911239624
0.07334289,124,645120,56.67,5170,315,314,-1.3553991317749023,0.0017365929670631886,0.025907328352332115,0.0007,0.184423565864563
0.07358932,124,647168,49.0,5189,316,315,-1.50419020652771,0.0014911090256646276,-0.013824919238686562,0.0007,0.2191603183746338
0.08181182999999999,124,649216,58.31,5208,317,316,-1.43692946434021,0.0015928767388686538,-0.0012005685130134225,0.0007,0.24478572607040405
0.08073301,124,651264,69.26,5232,318,317,-1.3061375617980957,0.0011260660830885172,0.004286017268896103,0.0007,0.2902193069458008
0.09050146000000002,124,653312,78.72,5250,319,318,-1.3567469120025635,0.0013557933270931244,-0.01377434004098177,0.0007,0.3022741675376892
0.09212095999999999,124,655360,82.99,5271,320,319,-1.4696732759475708,0.0016288845799863338,0.02588050626218319,0.0007,0.2673141360282898
0.09277118000000001,124,657408,76.81,5291,321,320,-1.4642748832702637,0.001541500212624669,-0.02942020073533058,0.0007,0.35604357719421387
0.09220104999999996,124,659456,67.22,5307,322,321,-1.417853593826294,0.0017211840022355318,0.025900671258568764,0.0007,0.33455944061279297
0.09106154,124,661504,66.1,5327,323,322,-1.5632630586624146,0.0015328135341405869,-0.014855320565402508,0.0007,0.24544090032577515
0.08985746000000003,124,663552,61.11,5343,324,323,-1.3932085037231445,0.0017227234784513712,-0.003605864942073822,0.0007,0.22159463167190552
0.08606882000000002,124,665600,60.29,5361,325,324,-1.3926069736480713,0.0014528557658195496,-0.0001996583305299282,0.0007,0.34983575344085693
0.08483594,124,667648,58.59,5378,326,325,-1.365670084953308,0.0014177716802805662,-0.0071233948692679405,0.0007,0.3768928647041321
0.07950618000000001,124,669696,59.37,5394,327,326,-1.3839423656463623,0.00140468985773623,0.009992205537855625,0.0007,0.2450128197669983
0.08059498999999999,124,671744,60.74,5408,328,327,-1.3596751689910889,0.001336601679213345,-0.019663367420434952,0.0007,0.30624061822891235
0.07904553,124,673792,58.03,5424,329,328,-1.3520824909210205,0.0015911662485450506,0.026774831116199493,0.0007,0.3724603056907654
0.08578719,124,675840,63.89,5443,330,329,-1.3586034774780273,0.0015883931191638112,-0.03005784936249256,0.0007,0.3427863121032715
0.08636273000000001,124,677888,65.73,5461,331,330,-1.5355312824249268,0.002505422104150057,0.044161658734083176,0.0007,0.2497493028640747
0.08483482,124,679936,66.41,5480,332,331,-1.4606974124908447,0.0016209041932597756,-0.016267497092485428,0.0007,0.3012920618057251
0.08900732000000001,124,681984,71.55,5496,333,332,-1.4484291076660156,0.001591949723660946,-0.0008651131065562367,0.0007,0.13948816061019897
0.08515915,124,684032,70.64,5515,334,333,-1.43576979637146,0.0019051427952945232,0.010865733027458191,0.0007,0.20224744081497192
0.09273299,124,686080,72.82,5529,335,334,-1.35182523727417,0.0008959023398347199,-0.02450292371213436,0.0007,0.5135300755500793
0.09929696999999998,124,688128,77.35,5547,336,335,-1.371917963027954,0.0035608289763331413,0.04668305069208145,0.0007,0.23812460899353027
0.08603332999999999,124,690176,66.39,5564,337,336,-1.4006849527359009,0.002107113366946578,-0.038247477263212204,0.0007,0.31490617990493774
0.06339463,124,692224,46.67,5580,338,337,-1.663181185722351,0.001029019826091826,-0.004614576231688261,0.0007,0.29520183801651
0.06329733,124,694272,52.27,5597,339,338,-1.6446194648742676,0.0013210979523137212,0.0035488340072333813,0.0007,0.27681124210357666
0.07404074999999999,123,696320,57.28,5615,340,339,-1.5811917781829834,0.0014639741275459528,0.005672254133969545,0.0007,0.24909549951553345
0.08373828,124,698368,61.61,5630,341,340,-1.5105392932891846,0.001561255776323378,0.004048560746014118,0.0007,0.30556678771972656
0.07190460000000001,123,700416,54.03,5649,342,341,-1.423743486404419,0.0012874212116003036,-0.007863779552280903,0.0007,0.27063632011413574
0.06378493,124,702464,49.72,5664,343,342,-1.3554482460021973,0.0011163243325427175,-0.015456298366189003,0.0007,0.21183347702026367
0.0654735,124,704512,55.94,5678,344,343,-1.3032619953155518,0.0013103089295327663,0.020967785269021988,0.0007,0.3361024856567383
0.08003422,124,706560,65.85,5693,345,344,-1.353621006011963,0.0010372914839535952,-0.019846227020025253,0.0007,0.41729551553726196
0.0908636,124,708608,67.02,5710,346,345,-1.4216077327728271,0.0017050611786544323,0.035788048058748245,0.0007,0.39011573791503906
0.09665089,124,710656,64.68,5728,347,346,-1.36360764503479,0.0020970734767615795,-0.020935652777552605,0.0007,0.19025760889053345
0.09497877,124,712704,66.28,5745,348,347,-1.4772775173187256,0.0018016803078353405,0.01825816184282303,0.0007,0.17081069946289062
0.09130141,124,714752,73.4,5763,349,348,-1.3533592224121094,0.0015135090798139572,-0.008830642327666283,0.0007,0.33440470695495605
0.08735371,124,716800,76.24,5780,350,349,-1.38677978515625,0.0011060708202421665,-0.005959924776107073,0.0007,0.3458874821662903
0.08987887000000004,123,718848,81.41,5797,351,350,-1.388319730758667,0.0010720312129706144,0.007978424429893494,0.0007,0.3535311222076416
0.08229324,123,720896,65.19,5816,352,351,-1.2741479873657227,0.0011756045278161764,-0.013515722006559372,0.0007,0.4224711060523987
0.09091903999999998,123,722944,62.4,5832,353,352,-1.2738920450210571,0.0012534444686025381,0.013732684776186943,0.0007,0.31989818811416626
0.08487694,123,724992,48.1,5848,354,353,-1.206818699836731,0.0012367554008960724,-0.015390457585453987,0.0007,0.4104235768318176
0.08496766000000001,123,727040,54.52,5867,355,354,-1.307093858718872,0.001576070673763752,0.024749889969825745,0.0007,0.40720421075820923
0.08052043000000002,123,729088,54.55,5886,356,355,-1.2438340187072754,0.0019901995547115803,-0.025024449452757835,0.0007,0.13988012075424194
0.08288622999999999,123,731136,62.54,5903,357,356,-1.1902292966842651,0.0011696034343913198,0.01876230537891388,0.0007,0.447490394115448
0.07787221,123,733184,58.76,5922,358,357,-1.2529600858688354,0.0013254138175398111,-0.024407759308815002,0.0007,0.42994844913482666
0.08613540000000003,123,735232,64.22,5940,359,358,-1.3557738065719604,0.0016365041956305504,0.02888256497681141,0.0007,0.36079007387161255
0.08758157000000001,123,737280,63.3,5958,360,359,-1.2979369163513184,0.0010597932850942016,-0.008374757133424282,0.0007,0.3739635944366455
0.09055647,123,739328,70.69,5976,361,360,-1.3474490642547607,0.0010609505698084831,0.0004318607097957283,0.0007,0.40485095977783203
0.08584735,123,741376,62.24,5991,362,361,-1.2240833044052124,0.000839326879940927,-0.010229041799902916,0.0007,0.4956778287887573
0.08497496000000002,123,743424,66.32,6007,363,362,-1.3384215831756592,0.001248398912139237,0.014609429985284805,0.0007,0.41893959045410156
0.07885668,123,745472,62.56,6027,364,363,-1.3041491508483887,0.00099687569309026,-0.008778747171163559,0.0007,0.3554932475090027
0.08992286999999997,123,747520,78.42,6044,365,364,-1.3200042247772217,0.0011727147502824664,0.009212658740580082,0.0007,0.3198021650314331
0.08825819000000003,123,749568,74.47,6062,366,365,-1.3904223442077637,0.0007917299517430365,-0.0030126813799142838,0.0007,0.5146951675415039
0.08847417999999997,123,751616,76.62,6082,367,366,-1.4085047245025635,0.0014778829645365477,0.0021396109368652105,0.0007,0.34772825241088867
0.08807454999999999,123,753664,74.91,6097,368,367,-1.4226922988891602,0.0010201018303632736,-0.0004754462861455977,0.0007,0.3687989115715027
0.09826913000000001,123,755712,81.94,6115,369,368,-1.4756231307983398,0.0012181875063106418,0.0005903973942622542,0.0007,0.25682902336120605
0.09793428999999998,123,757760,81.43,6133,370,369,-1.4527770280838013,0.0011400904040783644,0.014222834259271622,0.0007,0.44593822956085205
0.09551087000000001,123,759808,64.74,6152,371,370,-1.5043193101882935,0.0019235246581956744,-0.006430827546864748,0.0007,0.2577364444732666
0.08085653000000001,123,761856,50.15,6169,372,371,-1.4986815452575684,0.0016915444284677505,-0.0032938793301582336,0.0007,0.24768805503845215
0.08907348999999998,123,763904,62.68,6186,373,372,-1.2965977191925049,0.001325770397670567,-0.011060817167162895,0.0007,0.261318564414978
0.08710265,123,765952,65.45,6205,374,373,-1.2864482402801514,0.0014869081787765026,0.01375158503651619,0.0007,0.3102889657020569
0.09095076,123,768000,77.06,6223,375,374,-1.3797364234924316,0.0014958390966057777,-0.009796463884413242,0.0007,0.15463513135910034
0.09666146999999999,123,770048,79.99,6239,376,375,-1.3450192213058472,0.0012002828298136592,0.006670688278973103,0.0007,0.28385835886001587
0.09167009999999998,123,772096,70.38,6256,377,376,-1.342698335647583,0.0016364783514291048,-0.0006503372569568455,0.0007,0.21712499856948853
0.10080340999999998,123,774144,75.79,6275,378,377,-1.3050369024276733,0.0012814480578526855,-0.01254464965313673,0.0007,0.30328720808029175
0.10367675,123,776192,65.85,6290,379,378,-1.3952618837356567,0.0015631867572665215,0.027102364227175713,0.0007,0.36132222414016724
0.10206526,123,778240,64.55,6308,380,379,-1.3532383441925049,0.0016049201367422938,-0.014829358085989952,0.0007,0.3610442876815796
0.09789755,123,780288,61.81,6325,381,380,-1.2874541282653809,0.0015291351592168212,-0.005631162319332361,0.0007,0.25491422414779663
0.09345869999999999,123,782336,62.05,6341,382,381,-1.3413951396942139,0.0011362377554178238,0.008197976276278496,0.0007,0.4009091258049011
0.09737033,123,784384,65.52,6358,383,382,-1.2084691524505615,0.0015580268809571862,-0.025483855977654457,0.0007,0.396392285823822
0.09396075,123,786432,64.4,6377,384,383,-1.289762020111084,0.0032439883798360825,0.05653068423271179,0.0007,0.39541614055633545
0.08920896999999998,123,788480,58.46,6396,385,384,-1.3709453344345093,0.0022936854511499405,-0.033478960394859314,0.0007,0.1430770754814148
0.08825964999999997,123,790528,61.18,6413,386,385,-1.4799044132232666,0.0010617905063554645,-0.010402034968137741,0.0007,0.4104844331741333
0.08905603999999996,123,792576,65.36,6430,387,386,-1.4194073677062988,0.0011760820634663105,0.003562360070645809,0.0007,0.322709321975708
0.09506910999999998,123,794624,71.12,6445,388,387,-1.3351519107818604,0.0016718799015507102,0.008369557559490204,0.0007,0.31963062286376953
0.09415386999999997,123,796672,73.93,6463,389,388,-1.3424510955810547,0.0010183575795963407,-0.015921322628855705,0.0007,0.48958003520965576
0.10314000999999999,123,798720,78.01,6481,390,389,-1.322739601135254,0.0009937698487192392,0.008578634820878506,0.0007,0.3441616892814636
0.10250893,123,800768,86.47,6500,391,390,-1.4313483238220215,0.0011632104869931936,0.005887599661946297,0.0007,0.3146253824234009
0.09933643999999997,123,802816,78.23,6517,392,391,-1.4652411937713623,0.0008361865766346455,-0.004735617432743311,0.0007,0.4173799157142639
0.10550722000000003,123,804864,84.98,6537,393,392,-1.3394356966018677,0.0013648401945829391,0.0034189708530902863,0.0007,0.3363121747970581
0.11286215000000002,123,806912,101.79,6557,394,393,-1.2811092138290405,0.0014406306436285377,-0.007983800023794174,0.0007,0.30342698097229004
0.10892228999999996,123,808960,92.56,6573,395,394,-1.1829233169555664,0.0007820466998964548,0.0032120496034622192,0.0007,0.3809940218925476
0.11227867999999999,122,811008,95.27,6594,396,395,-1.0868418216705322,0.0012164295185357332,-0.019347626715898514,0.0007,0.4785918593406677
0.10460662,122,813056,85.39,6610,397,396,-1.074507236480713,0.0033666817471385,0.05176343023777008,0.0007,0.3953600525856018
0.09963846999999999,123,815104,65.76,6626,398,397,-1.3646879196166992,0.005116213113069534,-0.08401072025299072,0.0007,0.3649325966835022
0.09357237000000002,123,817152,55.8,6641,399,398,-1.709565281867981,0.0025230245664715767,0.038002725690603256,0.0007,0.1981378197669983
0.07524406,123,819200,45.49,6658,400,399,-1.6503679752349854,0.0024208668619394302,0.0270257405936718,0.0007,0.11658716201782227
0.07872365,122,821248,54.73,6676,401,400,-1.6144591569900513,0.0016905466327443719,-0.003063929732888937,0.0007,0.2402241826057434
0.08359118999999998,123,823296,58.51,6692,402,401,-1.61659836769104,0.001281341421417892,-0.006858609616756439,0.0007,0.2556079030036926
0.08717719,123,825344,59.45,6708,403,402,-1.611218810081482,0.00256525119766593,0.016928868368268013,0.0007,0.1906011700630188
0.09096945999999999,122,827392,58.56,6727,404,403,-1.4588778018951416,0.0013604986015707254,-0.02510893903672695,0.0007,0.3599555492401123
0.10451669,122,829440,70.99,6745,405,404,-1.4535174369812012,0.001238626311533153,0.008109021931886673,0.0007,0.4079445004463196
0.10307103,122,831488,71.68,6762,406,405,-1.4372578859329224,0.0019279599655419588,0.01744973659515381,0.0007,0.2982179522514343
0.10445989000000001,122,833536,71.16,6777,407,406,-1.4408578872680664,0.0014644009061157703,-0.015910176560282707,0.0007,0.33378100395202637
0.08971169999999999,122,835584,58.7,6796,408,407,-1.4544546604156494,0.0009536613943055272,-0.015207570046186447,0.0007,0.46692657470703125
0.09622078,122,837632,68.74,6814,409,408,-1.3750219345092773,0.0014833325985819101,-0.0031965640373528004,0.0007,0.33528566360473633
0.09698489000000002,122,839680,79.05,6834,410,409,-1.3395370244979858,0.0009068972431123257,0.011587323620915413,0.0007,0.3819221258163452
0.10465861,122,841728,86.3,6849,411,410,-1.3174070119857788,0.0012887761695310473,-0.001469798618927598,0.0007,0.27459847927093506
0.10671086000000002,122,843776,86.6,6867,412,411,-1.188058614730835,0.0011949866311624646,-0.02138376608490944,0.0007,0.4577046036720276
0.09573897,122,845824,62.05,6884,413,412,-1.2568461894989014,0.0016691033961251378,0.02948477491736412,0.0007,0.44837307929992676
0.09985179999999998,122,847872,65.93,6902,414,413,-1.3748588562011719,0.0019598512444645166,-0.013260599225759506,0.0007,0.20229899883270264
0.09822670999999998,122,849920,64.83,6920,415,414,-1.1727111339569092,0.0005844425177201629,-0.001666787895374,0.0007,0.5712172389030457
0.09906597999999998,122,851968,63.9,6935,416,415,-1.2039861679077148,0.0007955569308251143,-0.004602096043527126,0.0007,0.5113791227340698
0.10590115999999998,122,854016,63.25,6951,417,416,-1.2253721952438354,0.0009095336426980793,0.0014497399097308517,0.0007,0.5430713295936584
0.10226747,122,856064,66.51,6969,418,417,-1.2987146377563477,0.0012980401515960693,0.01534583792090416,0.0007,0.43328768014907837
0.10335471,122,858112,68.22,6988,419,418,-1.156571388244629,0.0023478169459849596,-0.04095858335494995,0.0007,0.16442155838012695
0.09368403999999998,122,860160,63.74,7004,420,419,-1.5115615129470825,0.004915362223982811,0.0829499363899231,0.0007,0.21458286046981812
0.09190189,122,862208,61.34,7020,421,420,-1.6685538291931152,0.0017245177878066897,0.004154515452682972,0.0007,0.2335110902786255
0.09216413000000001,122,864256,62.32,7038,422,421,-1.598752498626709,0.0013683582656085491,-0.01090645045042038,0.0007,0.2456190586090088
0.09080393,122,866304,63.17,7056,423,422,-1.5447897911071777,0.00268961931578815,0.009478733874857426,0.0007,0.18101400136947632
0.09652842999999998,122,868352,68.38,7073,424,423,-1.3330085277557373,0.0010348358191549778,-0.0253007709980011,0.0007,0.45475053787231445
0.10103154,122,870400,72.85,7090,425,424,-1.2949557304382324,0.0021232524886727333,0.027559131383895874,0.0007,0.28536295890808105
0.10176421000000001,122,872448,80.87,7107,426,425,-1.061334490776062,0.001963529270142317,-0.025072216987609863,0.0007,0.2968214750289917
0.10788919,122,874496,81.89,7125,427,426,-1.1362648010253906,0.0016586456913501024,0.02399463951587677,0.0007,0.4233825206756592
0.10702969999999999,122,876544,70.33,7145,428,427,-1.2579773664474487,0.0010237941751256585,-0.01984402909874916,0.0007,0.5393662750720978
0.10824689000000001,122,878592,70.99,7163,429,428,-1.2157225608825684,0.001334996079094708,0.01738184317946434,0.0007,0.4880406856536865
0.10858231,122,880640,71.12,7181,430,429,-1.1609325408935547,0.0012767392909154296,-0.02592676319181919,0.0007,0.500542402267456
0.11255456999999998,122,882688,80.45,7196,431,430,-1.1906213760375977,0.0017596220131963491,0.03185763582587242,0.0007,0.38618552684783936
0.11401818999999998,122,884736,92.09,7215,432,431,-1.4088399410247803,0.0009922117460519075,-0.008249129168689251,0.0007,0.4280444383621216
0.11245711000000001,122,886784,96.58,7234,433,432,-1.3735932111740112,0.0009002818842418492,-0.02060813456773758,0.0007,0.5363048911094666
0.11305762,122,888832,95.53,7251,434,433,-1.3353259563446045,0.0009846037719398737,0.003033451037481427,0.0007,0.4637998938560486
0.10906611999999999,122,890880,95.79,7269,435,434,-1.2603330612182617,0.0010392514523118734,-0.003007416846230626,0.0007,0.428178071975708
0.11263976999999999,122,892928,96.65,7292,436,435,-1.2546088695526123,0.0004614730132743716,-0.0035013873130083084,0.0007,0.596074104309082
0.11079384,122,894976,92.92,7309,437,436,-1.2038283348083496,0.0007204230641946197,0.00862372200936079,0.0007,0.5901165902614594
0.10815938000000003,122,897024,98.2,7327,438,437,-1.1748336553573608,0.0010130478767678142,-0.015874631702899933,0.0007,0.47309255599975586
0.10848362,122,899072,100.38,7344,439,438,-1.2312119007110596,0.0009507089853286743,0.017302295193076134,0.0007,0.41167569160461426
0.09794122,122,901120,75.25,7360,440,439,-1.11434006690979,0.0009253450552932918,-0.017309678718447685,0.0007,0.5069034695625305
0.09836203000000002,122,903168,76.31,7378,441,440,-1.0630123615264893,0.0010088775306940079,0.014003941789269447,0.0007,0.5432971715927124
0.09749124999999999,122,905216,65.86,7395,442,441,-1.0360260009765625,0.0012273555621504784,-0.016941256821155548,0.0007,0.4356430172920227
0.10510840000000002,122,907264,75.46,7413,443,442,-0.821919322013855,0.001581419026479125,0.023266859352588654,0.0007,0.4441719055175781
0.10725833000000001,122,909312,87.28,7431,444,443,-1.2337510585784912,0.0020123824942857027,-0.03561272472143173,0.0007,0.44531935453414917
0.11143719,122,911360,90.89,7449,445,444,-1.2764246463775635,0.0011774947633966804,0.01106667798012495,0.0007,0.3638867139816284
0.11503825000000002,122,913408,100.52,7468,446,445,-1.2168152332305908,0.0008838825160637498,-0.0021972234826534986,0.0007,0.4301574230194092
0.11651089,122,915456,111.49,7485,447,446,-0.9412869215011597,0.001237751916050911,0.003166344715282321,0.0007,0.3755931258201599
0.11889737000000002,122,917504,116.21,7503,448,447,-1.1333867311477661,0.0005972657818347216,-0.012927951291203499,0.0007,0.574157178401947
0.1215777,122,919552,121.69,7522,449,448,-1.1135557889938354,0.0007986004929989576,0.012826226651668549,0.0007,0.5215158462524414
0.12248745,122,921600,118.24,7540,450,449,-1.0232734680175781,0.0012277767527848482,-0.014598282985389233,0.0007,0.5026609599590302
0.11965026999999999,122,923648,107.56,7558,451,450,-0.9736775159835815,0.0014398018829524517,0.017018351703882217,0.0007,0.3648287057876587
0.12073653999999999,122,925696,109.68,7578,452,451,-0.9650290012359619,0.001729903044179082,-0.029425250366330147,0.0007,0.4888315200805664
0.12972494,122,927744,113.48,7597,453,452,-1.1144475936889648,0.0026156026870012283,0.049334898591041565,0.0007,0.4444851279258728
0.12817595999999998,122,929792,109.78,7614,454,453,-1.268188714981079,0.0022989828139543533,0.00180058553814888,0.0007,0.202917218208313
0.12619149999999998,122,931840,103.77,7632,455,454,-1.3268061876296997,0.0015230815624818206,-0.030813612043857574,0.0007,0.49260008335113525
0.12672361000000001,122,933888,107.19,7649,456,455,-1.4054181575775146,0.0009946627542376518,0.0011262192856520414,0.0007,0.40334373712539673
0.11575166999999999,122,935936,82.73,7666,457,456,-1.2895214557647705,0.0009917663410305977,-0.01193057931959629,0.0007,0.48670536279678345
0.11673250000000002,122,937984,89.25,7687,458,457,-1.2437689304351807,0.001027632039040327,0.00637480616569519,0.0007,0.5136734247207642
0.12154373000000002,121,940032,100.48,7706,459,458,-1.2995777130126953,0.0006213057786226273,-0.007952552288770676,0.0007,0.6055401861667633
0.12386376,121,942080,106.32,7722,460,459,-1.3061339855194092,0.0007417451124638319,0.005478383041918278,0.0007,0.5907069146633148
0.12687321,121,944128,109.33,7743,461,460,-1.2511227130889893,0.0006916581187397242,-0.008801511488854885,0.0007,0.5575445592403412
0.13327577000000002,121,946176,118.46,7763,462,461,-1.2765562534332275,0.0006740120588801801,0.006400092970579863,0.0007,0.6063761711120605
0.14006741,121,948224,129.56,7779,463,462,-1.3046555519104004,0.0005596885457634926,0.007165177259594202,0.0007,0.5741617977619171
0.14124507,121,950272,143.06,7797,464,463,-1.2940256595611572,0.0007234254153445363,-0.007206247188150883,0.0007,0.5021497309207916
0.14332573,121,952320,144.05,7815,465,464,-1.3127955198287964,0.0011180795263499022,0.0077044726349413395,0.0007,0.3353733420372009
0.13945727,121,954368,141.12,7836,466,465,-1.2644448280334473,0.001107579912059009,0.003297211602330208,0.0007,0.3461187481880188
0.14082761,121,956416,144.0,7853,467,466,-1.3664348125457764,0.0010693884687498212,0.004084989428520203,0.0007,0.2417317032814026
0.14213219,121,958464,145.26,7870,468,467,-1.3374691009521484,0.000744266842957586,-0.014630383811891079,0.0007,0.5798186957836151
0.12768254,121,960512,116.78,7888,469,468,-1.3480277061462402,0.0008909250609576702,0.004619020037353039,0.0007,0.5096109509468079
0.12514197,121,962560,107.88,7905,470,469,-1.4133098125457764,0.001099298824556172,-0.006884559988975525,0.0007,0.3940320611000061
0.12511942999999998,121,964608,103.51,7929,471,470,-1.3097796440124512,0.000994616886600852,-0.0007378124282695353,0.0007,0.40313011407852173
0.12750055000000002,121,966656,100.07,7949,472,471,-1.4044733047485352,0.001657932996749878,0.022677283734083176,0.0007,0.2807033061981201
0.13404250999999998,121,968704,108.9,7970,473,472,-1.392049789428711,0.0011051588226109743,-0.0018459938000887632,0.0007,0.391659677028656
0.13919709,121,970752,112.78,7989,474,473,-1.394275188446045,0.001115407096222043,-0.02123352885246277,0.0007,0.530129075050354
0.1398906,121,972800,117.41,8006,475,474,-1.4439218044281006,0.0008455646457150578,0.015738487243652344,0.0007,0.553853452205658
0.13097006000000003,121,974848,103.46,8023,476,475,-1.4912080764770508,0.0009820181876420975,-0.0018789595924317837,0.0007,0.4842078685760498
0.12723616999999998,121,976896,104.47,8042,477,476,-1.4179109334945679,0.0009182569338008761,-0.015923641622066498,0.0007,0.5400508046150208
0.11437554,121,978944,91.72,8059,478,477,-1.454069972038269,0.0007182687404565513,0.009354639798402786,0.0007,0.5433198809623718
0.11625158999999999,121,980992,97.47,8086,479,478,-1.4333012104034424,0.0010249040788039565,-0.004879619926214218,0.0007,0.3596299886703491
0.11698386,121,983040,101.72,8105,480,479,-1.2900484800338745,0.0011993919033557177,0.009903312660753727,0.0007,0.35116690397262573
0.12116184,121,985088,117.14,8126,481,480,-1.2328004837036133,0.0007185648428276181,-0.015067201107740402,0.0007,0.5167131721973419
0.12367216,121,987136,125.74,8146,482,481,-1.3110471963882446,0.000649539812002331,0.014409959316253662,0.0007,0.5591005980968475
0.12682699,121,989184,132.68,8163,483,482,-1.266796350479126,0.0008453877526335418,-0.008647049777209759,0.0007,0.49932861328125
0.12749822999999996,121,991232,130.46,8180,484,483,-1.3573447465896606,0.000600735074840486,0.0027931162621825933,0.0007,0.6095092296600342
0.13077309,121,993280,134.55,8199,485,484,-1.3564945459365845,0.000653213239274919,-0.004681885242462158,0.0007,0.5419746935367584
0.13597138,121,995328,146.54,8219,486,485,-1.379643201828003,0.0005708403186872602,0.00786016508936882,0.0007,0.6520821452140808
0.13325208,121,997376,134.98,8240,487,486,-1.3168811798095703,0.0013193427585065365,0.009988672100007534,0.0007,0.366910457611084
0.14064029,121,999424,137.36,8257,488,487,-1.3748538494110107,0.001470908522605896,0.001122926129028201,0.0007,0.2648942470550537
0.14078809000000003,121,1001472,129.97,8273,489,488,-1.459582805633545,0.0011818900238722563,0.003232288174331188,0.0007,0.41278398036956787
