time/iterations,time/fps,time/total_timesteps,rollout/ep_len_mean,rollout/ep_rew_mean,time/time_elapsed,train/policy_loss,train/explained_variance,train/value_loss,train/entropy_loss,train/learning_rate,train/n_updates
1,77,2048,29.323529411764707,0.02658804411764706,26,,,,,,
2,97,4096,14.49,0.04252160999999998,42,-0.16132640838623047,-11.274913787841797,0.008402954787015915,-1.9459092617034912,0.008304675227817087,1
3,108,6144,19.61,0.01612664,56,-0.0,-786650.625,2467179520.0,-0.0,0.008304675227817087,2
4,118,8192,20.49,0.017482310000000004,69,2.9598546028137207,-1133.2330322265625,3.2344887256622314,-1.7071820497512817,0.008304675227817087,3
5,125,10240,23.03,0.019484829999999998,81,-41.26450729370117,-233.6258087158203,535.2140502929688,-1.8057982921600342,0.008304675227817087,4
6,129,12288,20.99,0.00042507999999999977,94,1.0195703506469727,-0.004974007606506348,0.2804802656173706,-1.922279715538025,0.008304675227817087,5
7,134,14336,24.26,0.033286119999999995,106,-17.985776901245117,-115.69300842285156,577.9656372070312,-0.7735517024993896,0.008304675227817087,6
8,137,16384,24.29,0.02668767,119,0.8731318712234497,-5.719955921173096,0.20418503880500793,-1.9417486190795898,0.008304675227817087,7
9,136,18432,13.87,0.03777325,134,-0.19071604311466217,-0.02956080436706543,0.009804393164813519,-1.939550518989563,0.008304675227817087,8
10,138,20480,21.13,0.0012945199999999993,147,0.0014516129158437252,-41.64419174194336,463.6307678222656,-0.0007216980447992682,0.008304675227817087,9
11,139,22528,20.86,0.031032400000000005,161,-6.718710422515869,-37.56993865966797,49.122371673583984,-0.978182852268219,0.008304675227817087,10
12,140,24576,22.47,0.030958969999999995,174,0.07073736190795898,-0.0012090206146240234,0.0018199699698016047,-1.7187674045562744,0.008304675227817087,11
13,140,26624,21.96,0.027573140000000006,188,-4.32485818862915,-0.5325011014938354,8.896500587463379,-1.4390614032745361,0.008304675227817087,12
14,140,28672,28.01,0.02991187,204,-0.08815553784370422,-1.3553123474121094,0.002543926239013672,-1.8655970096588135,0.008304675227817087,13
15,141,30720,29.39,0.0348465,216,1.7346874475479126,-0.06247091293334961,0.9258827567100525,-1.8081060647964478,0.008304675227817087,14
16,141,32768,29.16,0.03629566,231,0.07833372801542282,-6.520748138427734e-05,0.001817530719563365,-1.9233646392822266,0.008304675227817087,15
17,141,34816,27.8,0.03681336999999999,245,-0.06917671114206314,-0.00015866756439208984,0.0014214339898899198,-1.9264494180679321,0.008304675227817087,16
18,141,36864,28.43,0.03178933,260,0.03850137069821358,-1.6570091247558594e-05,0.0005538471159525216,-1.9252105951309204,0.008304675227817087,17
19,142,38912,29.31,0.03725454,273,-0.009829157963395119,-2.396106719970703e-05,0.00017256953287869692,-1.9274508953094482,0.008304675227817087,18
20,142,40960,27.6,0.03516758,287,0.0031006522476673126,-1.2516975402832031e-05,0.0001689958735369146,-1.927386999130249,0.008304675227817087,19
21,142,43008,24.96,0.035343969999999995,300,-0.0013132048770785332,-2.47955322265625e-05,0.00013327359920367599,-1.9269347190856934,0.008304675227817087,20
22,142,45056,23.4,0.02095664,315,0.0010231599444523454,-1.4901161193847656e-05,0.00017495676001999527,-1.9262597560882568,0.008304675227817087,21
23,143,47104,26.09,0.02954232,327,-0.0019139652140438557,-9.5367431640625e-06,0.00012028270430164412,-1.924803614616394,0.008304675227817087,22
24,144,49152,22.9,0.015051670000000001,341,0.000902959203813225,-2.3603439331054688e-05,0.00013387830404099077,-1.9239475727081299,0.008304675227817087,23
25,144,51200,25.95,0.02740866,354,-0.0010943504748865962,-1.0251998901367188e-05,9.93253052001819e-05,-1.921863317489624,0.008304675227817087,24
26,144,53248,28.0,0.0319202,368,0.0009445195319131017,-6.198883056640625e-06,0.0001345958444289863,-1.9212621450424194,0.008304675227817087,25
27,144,55296,27.43,0.03357101,381,-0.0006838703993707895,-2.2172927856445312e-05,0.0001296679547522217,-1.91733717918396,0.008304675227817087,26
28,144,57344,26.32,0.03452108,395,0.00026642720331437886,-4.172325134277344e-06,0.00014141386782284826,-1.9150546789169312,0.008304675227817087,27
29,145,59392,25.25,0.025192370000000006,408,-0.00022673649073112756,-0.00019538402557373047,0.00013774399121757597,-1.911777138710022,0.008304675227817087,28
30,145,61440,22.86,0.027468020000000003,422,-0.0007811954710632563,-7.3909759521484375e-06,0.00011889144661836326,-1.9090170860290527,0.008304675227817087,29
31,145,63488,24.9,0.02519992,435,0.00035896452027373016,-4.172325134277344e-06,0.00012491810775827616,-1.9070379734039307,0.008304675227817087,30
32,145,65536,22.62,0.030556869999999993,448,-0.00047117494978010654,-7.867813110351562e-06,0.00012381005217321217,-1.902769923210144,0.008304675227817087,31
33,146,67584,23.05,0.02449678,461,0.0005195324774831533,-1.1682510375976562e-05,0.00015880689898040146,-1.8999967575073242,0.008304675227817087,32
34,146,69632,23.86,0.030563029999999995,474,-0.0014651045203208923,-7.3909759521484375e-06,0.0001151732139987871,-1.8961269855499268,0.008304675227817087,33
35,147,71680,21.96,0.02561745,486,0.0007928097620606422,-1.1444091796875e-05,0.0001381925685564056,-1.8908822536468506,0.008304675227817087,34
36,147,73728,23.38,0.030420899999999994,499,-0.0010443595238029957,-6.556510925292969e-06,0.00012941866589244455,-1.883880376815796,0.008304675227817087,35
37,147,75776,25.4,0.024970070000000004,512,0.0005804511019960046,-0.00015616416931152344,0.00013800304441247135,-1.8801826238632202,0.008304675227817087,36
38,148,77824,23.72,0.033937079999999994,525,-0.0016572929453104734,-7.510185241699219e-06,9.561776096234098e-05,-1.8777477741241455,0.008304675227817087,37
39,148,79872,21.96,0.026694170000000003,538,0.0016088997945189476,-8.0108642578125e-05,0.00015983826597221196,-1.8731038570404053,0.008304675227817087,38
40,148,81920,23.23,0.03327976,550,-0.0024618657771497965,-1.2159347534179688e-05,0.00011613878450589254,-1.8607062101364136,0.008304675227817087,39
41,148,83968,20.75,0.025236,563,0.0011048585874959826,-1.33514404296875e-05,0.00013977738854009658,-1.8490921258926392,0.008304675227817087,40
42,149,86016,22.28,0.03253492,576,-0.0017286987276747823,-1.1086463928222656e-05,0.00012056044215569273,-1.8382368087768555,0.008304675227817087,41
43,149,88064,20.84,0.024682990000000002,589,0.0010230628540739417,-9.655952453613281e-06,0.0001243903097929433,-1.8301349878311157,0.008304675227817087,42
44,149,90112,22.21,0.038056320000000005,602,-0.001484940992668271,-8.940696716308594e-06,0.00011645238555502146,-1.8230031728744507,0.008304675227817087,43
45,149,92160,21.35,0.02633717,614,0.000974600319750607,-5.4836273193359375e-06,0.00015352593618445098,-1.8125150203704834,0.008304675227817087,44
46,150,94208,22.22,0.025642310000000005,626,-0.0030511668883264065,-1.049041748046875e-05,9.059096191776916e-05,-1.7794318199157715,0.008304675227817087,45
47,150,96256,20.68,0.026157319999999998,640,0.0020641335286200047,-1.2636184692382812e-05,9.826755558606237e-05,-1.7628637552261353,0.008304675227817087,46
48,150,98304,21.34,0.02801288999999999,653,-0.0022576143965125084,-6.4373016357421875e-06,9.66680163401179e-05,-1.750627875328064,0.008304675227817087,47
49,150,100352,21.34,0.029674660000000005,667,0.0019010467221960425,-1.5497207641601562e-06,9.24477499211207e-05,-1.7426371574401855,0.008304675227817087,48
50,150,102400,20.24,0.02885105,680,-0.0026858439669013023,-6.4373016357421875e-06,0.00010798550647450611,-1.7323814630508423,0.008304675227817087,49
51,150,104448,21.0,0.024576630000000002,694,0.00113656185567379,-6.9141387939453125e-06,8.774112939136103e-05,-1.6959633827209473,0.008304675227817087,50
52,150,106496,20.13,0.027545499999999997,707,-0.0031369593925774097,-1.430511474609375e-05,7.450446719303727e-05,-1.666149616241455,0.008304675227817087,51
53,150,108544,18.84,0.02219735,720,0.0027691307477653027,-0.00016987323760986328,9.025288454722613e-05,-1.632853388786316,0.008304675227817087,52
54,150,110592,19.61,0.02602557,734,-0.005753254052251577,-1.239776611328125e-05,7.873948925407603e-05,-1.591302752494812,0.008304675227817087,53
55,150,112640,19.15,0.03230630999999999,747,0.007278869394212961,-5.364418029785156e-06,8.257589797722176e-05,-1.5576317310333252,0.008304675227817087,54
56,150,114688,19.47,0.029998890000000004,760,-0.011894202791154385,-9.298324584960938e-06,0.00015461398288607597,-1.5247128009796143,0.008304675227817087,55
57,150,116736,19.5,0.039007299999999995,773,0.01770697720348835,-4.0531158447265625e-06,0.00022539054043591022,-1.5063163042068481,0.008304675227817087,56
58,150,118784,18.42,0.04039944,787,-0.031061343848705292,-3.0994415283203125e-06,0.0005455065402202308,-1.4009172916412354,0.008304675227817087,57
59,150,120832,17.77,0.03191932,801,0.05222729593515396,-4.887580871582031e-06,0.001707635005004704,-1.3398507833480835,0.008304675227817087,58
60,150,122880,18.97,0.04012502,815,-0.0880967378616333,2.9206275939941406e-06,0.00467314338311553,-1.2770971059799194,0.008304675227817087,59
61,150,124928,18.5,0.02404833000000001,828,0.11378438770771027,2.980232238769531e-07,0.007224575616419315,-1.3568410873413086,0.008304675227817087,60
62,150,126976,20.0,0.034004000000000006,842,-0.07181376218795776,-2.5510787963867188e-05,0.0022795824334025383,-1.5183889865875244,0.008304675227817087,61
63,150,129024,19.33,0.033047169999999994,855,0.014622926712036133,-4.887580871582031e-06,0.00018357632507104427,-1.5721495151519775,0.008304675227817087,62
64,150,131072,18.83,0.032838690000000004,869,-0.0017739611212164164,-3.814697265625e-06,0.00010595709318295121,-1.5144970417022705,0.008304675227817087,63
65,150,133120,18.58,0.033603539999999994,883,-0.000841628760099411,-3.8743019104003906e-05,9.189942647935823e-05,-1.488384485244751,0.008304675227817087,64
66,150,135168,20.04,0.04126754,895,-0.0009383934084326029,-7.152557373046875e-06,8.189954678528011e-05,-1.4567793607711792,0.008304675227817087,65
67,150,137216,18.89,0.04233916,908,-0.00038673821836709976,-1.3113021850585938e-06,9.279282676288858e-05,-1.4202483892440796,0.008304675227817087,66
68,151,139264,18.6,0.03595648,922,-0.0005112408543936908,-2.9802322387695312e-06,0.00011033574992325157,-1.3939056396484375,0.008304675227817087,67
69,151,141312,18.31,0.04434722,935,-0.0015105800703167915,-1.3113021850585938e-06,9.201435022987425e-05,-1.3617043495178223,0.008304675227817087,68
70,151,143360,18.13,0.034910899999999995,948,-0.00037587981205433607,-1.7881393432617188e-06,0.0001152809418272227,-1.3065581321716309,0.008304675227817087,69
71,151,145408,18.76,0.038538710000000004,962,-0.0016298891277983785,-7.152557373046875e-07,6.972656410653144e-05,-1.2776442766189575,0.008304675227817087,70
72,151,147456,18.14,0.0427222,974,-0.00032527229632250965,1.7881393432617188e-06,8.11449863249436e-05,-1.2292689085006714,0.008304675227817087,71
73,151,149504,18.71,0.05193223,988,-0.0005287259118631482,-2.384185791015625e-06,9.588211833033711e-05,-1.2039015293121338,0.008304675227817087,72
74,151,151552,18.42,0.04215715000000001,1002,-0.00040861923480406404,-5.364418029785156e-06,0.00014143326552584767,-1.152945637702942,0.008304675227817087,73
75,151,153600,18.19,0.05473841,1016,-0.0019472448620945215,-2.384185791015625e-06,8.263247582362965e-05,-1.1126412153244019,0.008304675227817087,74
76,151,155648,17.4,0.0480652,1030,0.000726080674212426,-5.960464477539062e-07,0.00015660928329452872,-1.0549397468566895,0.008304675227817087,75
77,151,157696,18.52,0.06530646,1043,-0.0021489455830305815,-1.0728836059570312e-06,0.0001199365797219798,-1.028461217880249,0.008304675227817087,76
78,150,159744,17.52,0.061207339999999985,1058,3.2497220672667027e-05,-4.76837158203125e-07,0.000160007068188861,-0.9677162766456604,0.008304675227817087,77
79,150,161792,17.7,0.062098869999999994,1071,-0.002471259795129299,-1.6689300537109375e-06,0.00015643223014194518,-0.880888819694519,0.008304675227817087,78
80,150,163840,17.23,0.05655148000000001,1086,0.0009445720934309065,-5.960464477539062e-07,0.00015699079085607082,-0.8258160352706909,0.008304675227817087,79
81,150,165888,17.29,0.06348683999999999,1100,-0.0021019005216658115,-9.5367431640625e-07,0.0001347608194919303,-0.798775315284729,0.008304675227817087,80
82,150,167936,17.34,0.058460929999999994,1115,0.0015254967147484422,-7.152557373046875e-07,0.00016668181342538446,-0.7757864594459534,0.008304675227817087,81
83,150,169984,17.7,0.06167781999999999,1129,-0.002527489559724927,-3.5762786865234375e-07,0.00015097629511728883,-0.7298265695571899,0.008304675227817087,82
84,150,172032,16.66,0.06059451999999999,1143,0.0026274514384567738,-8.225440979003906e-06,0.00016246929590124637,-0.7489166259765625,0.008304675227817087,83
85,150,174080,16.75,0.05378376,1156,-0.004649292677640915,-2.86102294921875e-06,0.00018204179650638252,-0.6806786060333252,0.008304675227817087,84
86,150,176128,17.09,0.0673344,1170,0.004662667866796255,-2.384185791015625e-07,0.00018211628776043653,-0.6678219437599182,0.008304675227817087,85
87,150,178176,17.56,0.056867169999999995,1183,-0.007208331022411585,-1.1920928955078125e-07,0.00029214139794930816,-0.6146200895309448,0.008304675227817087,86
88,150,180224,16.73,0.05542931,1197,0.010408880189061165,5.960464477539062e-07,0.0003648011770565063,-0.6101253032684326,0.008304675227817087,87
89,150,182272,16.97,0.06435903000000001,1210,-0.014219509437680244,-1.7881393432617188e-06,0.0006707785651087761,-0.6380978226661682,0.008304675227817087,88
90,150,184320,17.81,0.06598269,1224,0.02116217464208603,3.5762786865234375e-07,0.0012313933111727238,-0.7098293304443359,0.008304675227817087,89
91,150,186368,17.18,0.05744899000000001,1237,-0.02542104199528694,1.7881393432617188e-07,0.0017829268472269177,-0.6180464029312134,0.008304675227817087,90
92,150,188416,17.16,0.05970807000000001,1250,0.03396889939904213,-2.384185791015625e-07,0.002578413113951683,-0.6794801950454712,0.008304675227817087,91
93,150,190464,17.41,0.051553800000000004,1263,-0.03550826758146286,-1.430511474609375e-06,0.002228513127192855,-0.7705158591270447,0.008304675227817087,92
94,150,192512,17.52,0.06772654,1277,0.02464134991168976,-5.960464477539062e-07,0.0011391107691451907,-0.8587702512741089,0.008304675227817087,93
95,150,194560,17.72,0.05827385999999999,1290,-0.012054250575602055,2.9206275939941406e-06,0.0004760894225910306,-0.6945773959159851,0.008304675227817087,94
96,150,196608,17.68,0.06437746,1302,0.007822185754776001,1.0251998901367188e-05,0.00027556082932278514,-0.7152159214019775,0.008304675227817087,95
97,150,198656,17.37,0.05828085000000001,1316,-0.005956423468887806,-2.1457672119140625e-06,0.0002276985760545358,-0.6704246401786804,0.008304675227817087,96
98,150,200704,17.23,0.05599898,1330,0.003737755585461855,-2.384185791015625e-07,0.0001479004422435537,-0.656474769115448,0.008304675227817087,97
99,150,202752,16.72,0.059626149999999996,1343,-0.003974951803684235,1.3113021850585938e-06,0.00012144981883466244,-0.6514492630958557,0.008304675227817087,98
100,150,204800,17.19,0.061059350000000005,1357,0.0015618700999766588,3.5762786865234375e-07,0.00014617544366046786,-0.5995587110519409,0.008304675227817087,99
101,150,206848,16.22,0.05985423,1370,-0.0023765566293150187,0.0,0.0001380404137307778,-0.558558464050293,0.008304675227817087,100
102,151,208896,15.95,0.044671850000000006,1383,0.001236306270584464,-7.152557373046875e-07,0.00016849472012836486,-0.5414242744445801,0.008304675227817087,101
103,151,210944,16.53,0.05232225000000001,1396,-0.002873904537409544,1.7881393432617188e-07,0.00011795594764407724,-0.5038366913795471,0.008304675227817087,102
104,151,212992,17.27,0.06405971999999999,1409,0.002209953498095274,2.086162567138672e-06,0.00013315991964191198,-0.47998860478401184,0.008304675227817087,103
105,151,215040,17.32,0.06727764,1422,-0.0030115791596472263,-5.960464477539062e-07,0.00016824218619149178,-0.46889781951904297,0.008304675227817087,104
106,151,217088,17.15,0.06921599,1434,0.0025743928272277117,0.0,0.00017638911958783865,-0.4497494399547577,0.008304675227817087,105
107,151,219136,16.05,0.050787009999999994,1447,-0.0018182717030867934,3.4570693969726562e-06,0.00021349954477045685,-0.43381640315055847,0.008304675227817087,106
108,151,221184,16.93,0.06935096999999998,1461,0.0043622408993542194,0.0,0.000195682339835912,-0.5111885070800781,0.008304675227817087,107
109,151,223232,16.57,0.0560422,1474,-0.005155653692781925,5.960464477539063e-08,0.000273314886726439,-0.48923447728157043,0.008304675227817087,108
110,151,225280,16.98,0.062017859999999994,1487,0.004862785805016756,-7.152557373046875e-07,0.000244543218286708,-0.47878050804138184,0.008304675227817087,109
111,151,227328,16.71,0.05524098,1501,-0.005991288926452398,-5.960464477539062e-07,0.00027833040803670883,-0.4666733145713806,0.008304675227817087,110
112,151,229376,16.37,0.05952372,1514,0.006208259146660566,-7.152557373046875e-07,0.00035797522286884487,-0.47533348202705383,0.008304675227817087,111
113,151,231424,15.52,0.05010283,1527,-0.008124623447656631,1.1920928955078125e-06,0.0004785493074450642,-0.42175477743148804,0.008304675227817087,112
114,151,233472,17.33,0.06896253,1540,0.011672480031847954,-5.960464477539062e-07,0.0007102224626578391,-0.4347487688064575,0.008304675227817087,113
115,151,235520,17.24,0.06988717,1553,-0.014331061393022537,-4.76837158203125e-07,0.0009162630885839462,-0.49854591488838196,0.008304675227817087,114
116,151,237568,17.64,0.06971219000000001,1565,0.01752057485282421,-8.344650268554688e-07,0.0010399703169241548,-0.519008219242096,0.008304675227817087,115
117,151,239616,16.57,0.05059861000000001,1578,-0.018671641126275063,-8.344650268554688e-07,0.0008181168814189732,-0.6638516187667847,0.008304675227817087,116
118,151,241664,17.2,0.06765930000000002,1591,0.009223328903317451,1.1920928955078125e-07,0.0003761008265428245,-0.5877254009246826,0.008304675227817087,117
119,151,243712,16.8,0.06603118999999999,1604,-0.008045940659940243,-5.960464477539062e-07,0.00031322723953053355,-0.5586135387420654,0.008304675227817087,118
120,151,245760,16.51,0.059270750000000004,1617,0.004478800110518932,-7.152557373046875e-07,0.00026205868925899267,-0.5113203525543213,0.008304675227817087,119
121,151,247808,15.7,0.05023185000000001,1631,-0.0057445187121629715,7.748603820800781e-07,0.0002375804033363238,-0.4719810485839844,0.008304675227817087,120
122,151,249856,15.77,0.058642209999999986,1644,0.004269649740308523,-7.152557373046875e-07,0.00024003432190511376,-0.4366585314273834,0.008304675227817087,121
123,151,251904,16.25,0.06334698999999999,1658,-0.005174329038709402,5.960464477539062e-07,0.0002860347449313849,-0.4262898564338684,0.008304675227817087,122
124,151,253952,15.94,0.05328576999999999,1672,0.004220000933855772,-3.5762786865234375e-07,0.000307357229758054,-0.41345247626304626,0.008304675227817087,123
125,151,256000,15.57,0.05205407,1687,-0.005262446589767933,-4.76837158203125e-07,0.00034091350971721113,-0.3760349154472351,0.008304675227817087,124
126,151,258048,15.63,0.05197686,1700,0.006810261867940426,-3.5762786865234375e-07,0.0004086846311111003,-0.40467363595962524,0.008304675227817087,125
127,151,260096,17.12,0.06854074,1713,-0.007348907180130482,-2.384185791015625e-07,0.0005194451659917831,-0.38771870732307434,0.008304675227817087,126
128,151,262144,17.59,0.07180988999999999,1726,0.010027139447629452,-5.960464477539062e-07,0.0007756539853289723,-0.44280049204826355,0.008304675227817087,127
129,151,264192,16.87,0.06313455,1739,-0.011018318124115467,1.9669532775878906e-06,0.0008330014534294605,-0.4060957431793213,0.008304675227817087,128
130,151,266240,16.17,0.052776379999999984,1753,0.010968388989567757,-2.384185791015625e-07,0.0008929183823056519,-0.4230959415435791,0.008304675227817087,129
131,151,268288,16.33,0.05777607999999999,1766,-0.01302129402756691,-5.960464477539062e-07,0.0008791773580014706,-0.4071149230003357,0.008304675227817087,130
132,151,270336,15.9,0.052396410000000004,1779,0.009438653476536274,-1.1920928955078125e-07,0.0008844991680234671,-0.3728623390197754,0.008304675227817087,131
133,151,272384,15.69,0.05466247,1792,-0.010568682104349136,-1.1920928955078125e-07,0.0009781643748283386,-0.3416973054409027,0.008304675227817087,132
134,151,274432,15.13,0.051472359999999995,1806,0.010194193571805954,-1.1920928955078125e-07,0.001095032668672502,-0.362547904253006,0.008304675227817087,133
135,151,276480,15.89,0.05378824000000001,1820,-0.009854564443230629,2.980232238769531e-07,0.0010767949279397726,-0.3320290744304657,0.008304675227817087,134
136,151,278528,16.77,0.06291015999999999,1833,0.010821441188454628,8.940696716308594e-07,0.0010224448051303625,-0.39676976203918457,0.008304675227817087,135
137,151,280576,16.18,0.059642270000000004,1847,-0.009580186568200588,-1.5497207641601562e-06,0.0007289187633432448,-0.36013269424438477,0.008304675227817087,136
138,151,282624,15.69,0.05674581999999999,1861,0.006930323783308268,6.556510925292969e-07,0.0005784860695712268,-0.3559293746948242,0.008304675227817087,137
139,151,284672,16.48,0.06453866999999999,1875,-0.006124740466475487,2.980232238769531e-07,0.00045838713413104415,-0.335929811000824,0.008304675227817087,138
140,151,286720,16.01,0.05585347,1888,0.005031857639551163,4.172325134277344e-07,0.0003874743706546724,-0.34744763374328613,0.008304675227817087,139
141,151,288768,15.47,0.05216265,1902,-0.004370397422462702,-3.5762786865234375e-07,0.00029592870851047337,-0.3292275667190552,0.008304675227817087,140
142,151,290816,16.05,0.06618856999999999,1915,0.004042023792862892,-1.1920928955078125e-07,0.0002622145402710885,-0.34852349758148193,0.008304675227817087,141
143,151,292864,17.26,0.07422524999999999,1929,-0.0029160426929593086,-4.76837158203125e-07,0.0002475483634043485,-0.3413693606853485,0.008304675227817087,142
144,151,294912,15.41,0.05035952,1943,0.0024106460623443127,-2.384185791015625e-07,0.0002280250919284299,-0.3627797067165375,0.008304675227817087,143
145,151,296960,16.48,0.06450261,1956,-0.002544685499742627,1.1920928955078125e-07,0.00017002984532155097,-0.33709803223609924,0.008304675227817087,144
146,151,299008,16.59,0.06299086999999999,1969,0.0020200484432280064,1.7881393432617188e-07,0.00020803272491320968,-0.34110161662101746,0.008304675227817087,145
147,151,301056,15.55,0.05062134,1983,-0.0026201880536973476,-2.384185791015625e-07,0.00017139650299213827,-0.321017324924469,0.008304675227817087,146
148,151,303104,16.36,0.05794168999999999,1996,0.0017307470552623272,0.0,0.00013094465248286724,-0.3093494772911072,0.008304675227817087,147
149,151,305152,15.65,0.05498139999999999,2010,-0.0023079842794686556,-3.5762786865234375e-07,0.00014965952141210437,-0.30346328020095825,0.008304675227817087,148
150,151,307200,15.12,0.04894532,2023,0.0010631500044837594,4.76837158203125e-07,0.00012163552310084924,-0.2836557924747467,0.008304675227817087,149
151,151,309248,15.29,0.04906251999999999,2036,-0.0015652499860152602,1.4901161193847656e-06,0.0001400043402099982,-0.26584097743034363,0.008304675227817087,150
152,151,311296,15.19,0.047234619999999984,2050,0.001497585908509791,5.960464477539063e-08,0.00015039966092444956,-0.2680234909057617,0.008304675227817087,151
153,151,313344,14.96,0.05129006,2063,-0.002276485785841942,-1.1920928955078125e-06,0.00013943033991381526,-0.2591796815395355,0.008304675227817087,152
154,151,315392,15.06,0.052865010000000004,2076,0.002233741572126746,-1.5497207641601562e-06,0.00019886343216057867,-0.252530574798584,0.008304675227817087,153
155,151,317440,15.92,0.05345166999999999,2089,-0.0034287800081074238,-1.1920928955078125e-07,0.0002313510049134493,-0.25049319863319397,0.008304675227817087,154
156,151,319488,15.4,0.05067937999999999,2102,0.003367065452039242,-8.344650268554688e-07,0.000260712462477386,-0.2334732562303543,0.008304675227817087,155
157,151,321536,16.1,0.0554456,2115,-0.004100038204342127,1.1920928955078125e-07,0.0003496040008030832,-0.24497579038143158,0.008304675227817087,156
158,152,323584,16.0,0.052731940000000005,2128,0.004351564683020115,6.556510925292969e-07,0.0005134350503794849,-0.2561965882778168,0.008304675227817087,157
159,152,325632,16.15,0.05668578,2141,-0.006369308102875948,-1.1920928955078125e-07,0.0007115521002560854,-0.23111259937286377,0.008304675227817087,158
160,152,327680,16.73,0.06560995000000001,2154,0.00785598624497652,1.1920928955078125e-07,0.0010930068092420697,-0.23396997153759003,0.008304675227817087,159
161,152,329728,15.27,0.05001494,2168,-0.010381334461271763,4.5299530029296875e-06,0.0013562573585659266,-0.27024194598197937,0.008304675227817087,160
162,152,331776,15.2,0.04846628000000001,2181,0.009260633960366249,-4.76837158203125e-07,0.0012650495627894998,-0.2863522469997406,0.008304675227817087,161
163,152,333824,15.73,0.05622266,2194,-0.009459334425628185,-1.430511474609375e-06,0.000981844961643219,-0.2906288802623749,0.008304675227817087,162
164,152,335872,16.66,0.06052691,2206,0.007470392622053623,5.960464477539062e-07,0.000718667870387435,-0.29805177450180054,0.008304675227817087,163
165,152,337920,16.63,0.06464458999999999,2219,-0.005771680269390345,-1.1920928955078125e-07,0.0004485381068661809,-0.31524959206581116,0.008304675227817087,164
166,152,339968,15.85,0.0580254,2232,0.0039015805814415216,2.2649765014648438e-06,0.0003225942491553724,-0.34112951159477234,0.008304675227817087,165
167,152,342016,15.37,0.05676497,2245,-0.002717632567510009,0.0,0.00021403413848020136,-0.3045511245727539,0.008304675227817087,166
168,152,344064,15.6,0.053866189999999994,2258,0.0020533117931336164,3.5762786865234375e-07,0.0001896475296234712,-0.32494571805000305,0.008304675227817087,167
169,152,346112,15.31,0.04780176,2272,-0.0019741738215088844,-3.5762786865234375e-07,0.00015172541316132993,-0.30542880296707153,0.008304675227817087,168
170,152,348160,15.54,0.056085069999999994,2285,0.0012118120212107897,-1.1920928955078125e-07,0.00014088665193412453,-0.30055198073387146,0.008304675227817087,169
171,152,350208,16.54,0.06079277,2298,-0.0014381303917616606,-3.337860107421875e-06,0.00012883482850156724,-0.29329460859298706,0.008304675227817087,170
172,152,352256,15.52,0.05416351,2312,0.0009600519551895559,-1.1920928955078125e-07,0.00012986142246518284,-0.27882546186447144,0.008304675227817087,171
173,152,354304,15.62,0.05114051,2325,-0.0009848398622125387,-8.344650268554688e-07,0.00013009668327867985,-0.2837308645248413,0.008304675227817087,172
174,152,356352,16.27,0.06359013999999999,2337,0.0002420174569124356,2.980232238769531e-07,0.00010295469110133126,-0.2741991877555847,0.008304675227817087,173
175,152,358400,15.47,0.05886887999999999,2351,-0.0010129817528650165,-3.5762786865234375e-07,0.00011703783820848912,-0.261982798576355,0.008304675227817087,174
176,152,360448,15.59,0.05541211999999999,2363,-4.371672548586503e-05,-2.384185791015625e-07,0.0001430409320164472,-0.23972868919372559,0.008304675227817087,175
177,152,362496,15.29,0.0549744,2376,-0.00035192276118323207,6.556510925292969e-07,0.00011692355474224314,-0.22572863101959229,0.008304675227817087,176
178,152,364544,15.81,0.05624288999999999,2389,7.17729126336053e-05,7.152557373046875e-07,0.0001145414644270204,-0.2298029512166977,0.008304675227817087,177
179,152,366592,15.35,0.05391384,2402,-0.0009908038191497326,-1.1920928955078125e-06,0.00010579335503280163,-0.21437060832977295,0.008304675227817087,178
180,152,368640,14.95,0.04882354999999999,2415,0.0006547317025251687,-4.76837158203125e-07,0.00010666176967788488,-0.2015034556388855,0.008304675227817087,179
181,152,370688,15.56,0.0547786,2427,-0.0008225766941905022,-1.3113021850585938e-06,0.00011291650298517197,-0.20441536605358124,0.008304675227817087,180
182,152,372736,15.14,0.05315633,2440,0.0004534557810984552,-2.384185791015625e-07,0.00012757744116242975,-0.20080721378326416,0.008304675227817087,181
183,152,374784,14.34,0.0379911,2452,-0.0006636054022237659,2.980232238769531e-07,0.00012387637980282307,-0.18840202689170837,0.008304675227817087,182
184,152,376832,15.12,0.04915119,2466,0.001647719880566001,5.960464477539062e-07,0.00012055436673108488,-0.20281775295734406,0.008304675227817087,183
185,152,378880,15.65,0.055076419999999994,2480,-0.0020594520028680563,-1.1920928955078125e-07,0.0001594615023350343,-0.2092963457107544,0.008304675227817087,184
186,152,380928,15.71,0.05545679,2492,0.0018005549209192395,-3.5762786865234375e-07,0.00019937501929234713,-0.20309311151504517,0.008304675227817087,185
187,152,382976,15.49,0.06002640000000001,2505,-0.002987863030284643,8.940696716308594e-07,0.00027727719862014055,-0.1942913681268692,0.008304675227817087,186
188,152,385024,14.99,0.05097464,2518,0.002310782205313444,-1.1920928955078125e-07,0.00038387978565879166,-0.18665209412574768,0.008304675227817087,187
189,152,387072,15.17,0.05031377,2532,-0.004000654444098473,2.6226043701171875e-06,0.0006293636397458613,-0.16556322574615479,0.008304675227817087,188
190,152,389120,14.45,0.04514983,2545,0.0060763005167245865,-5.960464477539062e-07,0.0011699426686391234,-0.18232744932174683,0.008304675227817087,189
191,152,391168,16.54,0.0640057,2558,-0.007261209189891815,-2.384185791015625e-07,0.0017488289158791304,-0.20461389422416687,0.008304675227817087,190
192,152,393216,17.52,0.07155983999999999,2570,0.014187944121658802,4.172325134277344e-07,0.0018552690744400024,-0.3184035122394562,0.008304675227817087,191
193,153,395264,16.64,0.06315718000000001,2583,-0.011071917600929737,-2.2649765014648438e-06,0.000725014426279813,-0.43817707896232605,0.008304675227817087,192
194,153,397312,16.06,0.05473818999999999,2594,0.004338664002716541,-1.1920928955078125e-07,0.00023390617570839822,-0.4490669369697571,0.008304675227817087,193
195,153,399360,16.81,0.06303781000000001,2607,-0.0023627656046301126,4.172325134277344e-07,0.000154066743561998,-0.44857293367385864,0.008304675227817087,194
196,153,401408,16.19,0.06454841,2621,0.00033240363700315356,-8.344650268554688e-07,0.00015076273120939732,-0.399467796087265,0.008304675227817087,195
197,153,403456,17.05,0.06552636000000002,2633,-0.0008553712395951152,6.556510925292969e-07,0.00015633649309165776,-0.38524460792541504,0.008304675227817087,196
198,153,405504,15.43,0.047391829999999996,2646,-0.0005319633637554944,2.384185791015625e-07,0.00013614069030154496,-0.35227689146995544,0.008304675227817087,197
199,153,407552,15.42,0.04651431,2659,-0.0007258829427883029,-1.1920928955078125e-07,9.94431393337436e-05,-0.32269322872161865,0.008304675227817087,198
200,153,409600,16.21,0.05752835000000001,2671,-8.021875692065805e-05,7.152557373046875e-07,8.111217903206125e-05,-0.3011035621166229,0.008304675227817087,199
201,153,411648,16.21,0.057994109999999995,2684,-0.0005455277278088033,-4.76837158203125e-07,0.00010485449456609786,-0.2909274399280548,0.008304675227817087,200
202,153,413696,15.73,0.05749667000000001,2696,-0.00041286408668383956,1.1920928955078125e-07,0.00010835297871381044,-0.2671557664871216,0.008304675227817087,201
203,153,415744,15.38,0.04852025,2709,0.0003004657046403736,-9.5367431640625e-07,0.00010907866817433387,-0.2522563934326172,0.008304675227817087,202
204,153,417792,15.03,0.04844208,2722,-0.0005327213439159095,4.172325134277344e-07,8.525359589839354e-05,-0.2641151249408722,0.008304675227817087,203
205,153,419840,15.97,0.05701376,2735,-0.00019410552340559661,-8.344650268554688e-07,9.05418346519582e-05,-0.24368387460708618,0.008304675227817087,204
206,153,421888,15.22,0.046214740000000004,2748,-0.0003380973939783871,-4.76837158203125e-07,0.00013499220949597657,-0.23783080279827118,0.008304675227817087,205
207,153,423936,15.44,0.05755991,2760,-0.0007154041668400168,-3.5762786865234375e-07,6.765721627743915e-05,-0.21964746713638306,0.008304675227817087,206
208,153,425984,15.96,0.05907918,2773,-0.00010106752597494051,-3.5762786865234375e-07,0.00010460361954756081,-0.2054518610239029,0.008304675227817087,207
209,153,428032,15.51,0.05304860999999999,2786,-0.0008671916439197958,1.7881393432617188e-07,0.00011780871864175424,-0.1890345811843872,0.008304675227817087,208
210,153,430080,15.0,0.0503376,2799,3.3700001949910074e-05,7.748603820800781e-07,0.00011108689068350941,-0.17456719279289246,0.008304675227817087,209
211,153,432128,15.07,0.04810217000000001,2811,-0.0005330999847501516,-1.6689300537109375e-06,0.00011791100405389443,-0.16432932019233704,0.008304675227817087,210
212,153,434176,15.61,0.06011931000000001,2825,0.00038482280797325075,0.0,0.00010784507321659476,-0.16400887072086334,0.008304675227817087,211
213,153,436224,15.54,0.05200783000000001,2838,-0.0013798933941870928,-7.152557373046875e-07,0.00013396803115028888,-0.15721344947814941,0.008304675227817087,212
214,153,438272,14.86,0.048453609999999994,2851,0.0007120224181562662,-2.384185791015625e-07,0.00013536462211050093,-0.14324039220809937,0.008304675227817087,213
215,153,440320,14.48,0.0412243,2864,-0.001347580924630165,3.5762786865234375e-07,0.00019085458188783377,-0.13654273748397827,0.008304675227817087,214
216,153,442368,15.58,0.06131321000000001,2877,0.001983890775591135,-5.960464477539062e-07,0.00028600881341844797,-0.1425282210111618,0.008304675227817087,215
217,153,444416,15.97,0.05942697999999999,2890,-0.0031583246309310198,1.7881393432617188e-07,0.0006096489960327744,-0.13921286165714264,0.008304675227817087,216
218,153,446464,15.81,0.05624424999999999,2903,0.006069521885365248,3.5762786865234375e-07,0.0012105905916541815,-0.15537865459918976,0.008304675227817087,217
219,153,448512,16.05,0.05248016,2916,-0.00851301196962595,-3.5762786865234375e-07,0.0017679830780252814,-0.20434392988681793,0.008304675227817087,218
220,153,450560,15.17,0.0482161,2930,0.009962777607142925,1.7881393432617188e-07,0.001607850892469287,-0.2767784595489502,0.008304675227817087,219
221,153,452608,16.12,0.05598300999999999,2944,-0.007637836039066315,-5.364418029785156e-06,0.0007848397362977266,-0.2794071435928345,0.008304675227817087,220
222,153,454656,16.3,0.0608333,2957,0.005809256341308355,5.960464477539063e-08,0.0004010996490251273,-0.31509822607040405,0.008304675227817087,221
223,153,456704,16.8,0.06858023,2969,-0.0028950257692486048,2.980232238769531e-07,0.00018697991617955267,-0.3393414616584778,0.008304675227817087,222
224,153,458752,15.99,0.05907492999999999,2982,0.001020062598399818,1.1920928955078125e-07,0.00017172469233628362,-0.352072536945343,0.008304675227817087,223
225,153,460800,15.88,0.058065059999999995,2995,-0.0011060325196012855,1.1920928955078125e-07,0.00013476010644808412,-0.3108958601951599,0.008304675227817087,224
226,153,462848,16.02,0.05719094,3008,0.0003476288402453065,-2.384185791015625e-07,0.00016343279276043177,-0.302899569272995,0.008304675227817087,225
227,153,464896,16.22,0.06251169000000001,3021,-0.0010543514508754015,-2.384185791015625e-07,0.00012534261622931808,-0.2873840630054474,0.008304675227817087,226
228,153,466944,16.36,0.061763889999999995,3033,0.00012743374099954963,-1.1920928955078125e-07,0.0001275445829378441,-0.26073822379112244,0.008304675227817087,227
229,153,468992,15.86,0.05548233999999999,3046,-0.0004918467020615935,1.1920928955078125e-07,0.00012832939682994038,-0.2539187967777252,0.008304675227817087,228
230,153,471040,16.25,0.05958574,3059,-0.00016756025434006006,1.1920928955078125e-06,0.00010782998288050294,-0.23811385035514832,0.008304675227817087,229
231,153,473088,15.54,0.05010572,3072,-0.00032243222813121974,5.960464477539063e-08,0.00011556905519682914,-0.2313765287399292,0.008304675227817087,230
232,153,475136,15.17,0.055614989999999996,3085,-0.0005509891198016703,-7.152557373046875e-07,7.130156882340088e-05,-0.21610581874847412,0.008304675227817087,231
233,153,477184,16.48,0.06819282999999998,3099,0.00040603874367661774,2.980232238769531e-07,0.0001143991612480022,-0.20175093412399292,0.008304675227817087,232
234,153,479232,15.77,0.05501187,3112,0.00011999395792372525,5.364418029785156e-07,0.00015625070955138654,-0.2092868685722351,0.008304675227817087,233
235,153,481280,14.99,0.04796068,3125,-0.0002800808579195291,-1.1920928955078125e-07,0.00010813769767992198,-0.2178928554058075,0.008304675227817087,234
236,153,483328,14.87,0.04607199000000001,3139,-0.00028132155421189964,2.980232238769531e-07,9.543415217194706e-05,-0.2075420320034027,0.008304675227817087,235
237,153,485376,15.35,0.04883728,3152,-0.0002639136218931526,-5.960464477539062e-07,6.103240593802184e-05,-0.19826292991638184,0.008304675227817087,236
238,153,487424,15.13,0.050308359999999996,3165,-6.894420948810875e-05,2.384185791015625e-07,9.192110155709088e-05,-0.19011816382408142,0.008304675227817087,237
239,153,489472,14.57,0.049538639999999995,3179,-0.000394232920370996,-9.5367431640625e-07,0.0001027088874252513,-0.18394428491592407,0.008304675227817087,238
240,153,491520,14.99,0.04626616,3192,-0.00015630613779649138,2.980232238769531e-07,0.00010102464148076251,-0.17344047129154205,0.008304675227817087,239
241,153,493568,16.1,0.06260241999999999,3205,-0.0003829501220025122,-1.1920928955078125e-07,5.8327423175796866e-05,-0.16614161431789398,0.008304675227817087,240
242,154,495616,15.13,0.053790160000000004,3217,2.2010241082170978e-05,3.5762786865234375e-07,0.00012875490938313305,-0.1588326245546341,0.008304675227817087,241
243,154,497664,14.86,0.04624934,3230,-0.0006797920214012265,-1.1920928955078125e-07,0.00011398705828469247,-0.14968925714492798,0.008304675227817087,242
244,154,499712,15.47,0.053392619999999995,3243,0.0005910212639719248,4.76837158203125e-07,8.656586578581482e-05,-0.14288322627544403,0.008304675227817087,243
245,154,501760,14.9,0.04359640999999999,3257,-0.000291231379378587,-3.0994415283203125e-06,9.971141116693616e-05,-0.14607656002044678,0.008304675227817087,244
246,153,503808,14.8,0.04520394,3271,0.0005579610588029027,-3.5762786865234375e-07,8.756165334489197e-05,-0.15833298861980438,0.008304675227817087,245
247,153,505856,15.0,0.05188045999999999,3285,-0.0010728648630902171,0.0,0.00011742202332243323,-0.14649978280067444,0.008304675227817087,246
248,153,507904,15.01,0.04694004,3298,0.002412433037534356,9.5367431640625e-07,0.00022740516578778625,-0.15389390289783478,0.008304675227817087,247
249,153,509952,16.13,0.06364664,3311,-0.003059165785089135,1.7881393432617188e-07,0.00032357044983655214,-0.1752694845199585,0.008304675227817087,248
250,154,512000,15.24,0.05492880999999999,3324,0.002625266322866082,1.7881393432617188e-07,0.00046367666800506413,-0.17332270741462708,0.008304675227817087,249
251,154,514048,15.49,0.05416288999999999,3337,-0.004324859939515591,-5.960464477539062e-07,0.0006911855307407677,-0.15478122234344482,0.008304675227817087,250
252,154,516096,15.3,0.054422809999999995,3349,0.004653965122997761,0.0,0.0010785062331706285,-0.1593998670578003,0.008304675227817087,251
253,154,518144,14.41,0.03955048999999999,3362,-0.007095374632626772,-1.9073486328125e-06,0.0014960137195885181,-0.1683068573474884,0.008304675227817087,252
254,154,520192,14.94,0.04585488000000001,3375,0.006622090004384518,2.86102294921875e-06,0.0015366470906883478,-0.20032501220703125,0.008304675227817087,253
255,154,522240,15.69,0.05684129,3388,-0.006947088520973921,-1.1920928955078125e-06,0.0011669150553643703,-0.19286832213401794,0.008304675227817087,254
256,154,524288,15.56,0.04997085999999999,3401,0.005942303687334061,5.960464477539063e-08,0.0008382709929719567,-0.2245485782623291,0.008304675227817087,255
257,154,526336,15.83,0.05948358999999999,3414,-0.005167785100638866,-4.76837158203125e-07,0.0004180349933449179,-0.23439373075962067,0.008304675227817087,256
258,154,528384,15.08,0.052209250000000006,3428,0.002442944096401334,-1.1920928955078125e-07,0.0002651185786817223,-0.21296292543411255,0.008304675227817087,257
259,154,530432,15.57,0.06026478999999999,3441,-0.0015787070151418447,1.1920928955078125e-07,0.0001939364883583039,-0.2058025300502777,0.008304675227817087,258
260,154,532480,15.54,0.057047289999999994,3454,0.0013604696141555905,-1.1920928955078125e-07,0.00019523868104442954,-0.22519010305404663,0.008304675227817087,259
261,154,534528,15.47,0.05470479,3467,-0.0012918455759063363,-1.1920928955078125e-07,0.00015974539564922452,-0.21426817774772644,0.008304675227817087,260
262,154,536576,15.03,0.046004540000000003,3480,0.0005368555430322886,1.1920928955078125e-07,0.00012947610230185091,-0.20596405863761902,0.008304675227817087,261
263,154,538624,15.37,0.0537084,3493,-0.0009384849108755589,0.0,7.486643880838528e-05,-0.19887201488018036,0.008304675227817087,262
264,154,540672,15.53,0.06258678000000001,3506,0.0006772708729840815,5.364418029785156e-07,0.00010022566129919142,-0.18617455661296844,0.008304675227817087,263
265,154,542720,15.07,0.04995720000000001,3518,-0.0007218862883746624,-1.1920928955078125e-07,0.0001475994649808854,-0.19330698251724243,0.008304675227817087,264
266,154,544768,15.37,0.05534457000000001,3531,-0.00012053521641064435,0.0,0.000102623162092641,-0.17641989886760712,0.008304675227817087,265
267,154,546816,14.53,0.04464566,3545,-0.0004420116019900888,0.0,0.0001108306460082531,-0.16638633608818054,0.008304675227817087,266
268,154,548864,14.68,0.043343499999999986,3559,-0.00036274833837524056,3.0994415283203125e-06,6.790316547267139e-05,-0.15359735488891602,0.008304675227817087,267
269,154,550912,15.31,0.054629000000000004,3573,5.102163413539529e-05,-3.5762786865234375e-07,6.710934394504875e-05,-0.14270195364952087,0.008304675227817087,268
270,154,552960,15.39,0.054311029999999996,3587,-0.00012550625251606107,6.556510925292969e-07,0.00010088457202073187,-0.14376722276210785,0.008304675227817087,269
271,154,555008,15.66,0.05763668,3600,-0.00030326953856274486,2.980232238769531e-07,0.00011587316112127155,-0.13789664208889008,0.008304675227817087,270
272,154,557056,16.23,0.060737759999999995,3613,-0.0002185301564168185,8.940696716308594e-07,0.00011473333870526403,-0.12978939712047577,0.008304675227817087,271
273,154,559104,14.51,0.04321147999999999,3626,0.00017179289716295898,1.1324882507324219e-06,9.616727766115218e-05,-0.12193005532026291,0.008304675227817087,272
274,154,561152,15.6,0.05947537,3639,-0.00014606288459617645,4.172325134277344e-07,6.779861723771319e-05,-0.12951837480068207,0.008304675227817087,273
275,154,563200,15.47,0.05812106,3651,1.822205013013445e-05,0.0,9.169532131636515e-05,-0.12349139899015427,0.008304675227817087,274
276,154,565248,14.8,0.04460765999999999,3665,-0.00015572940174024552,-3.5762786865234375e-07,0.0001243816368514672,-0.12512078881263733,0.008304675227817087,275
277,154,567296,15.15,0.05020325,3678,-0.0002841673558577895,-9.5367431640625e-07,7.520049985032529e-05,-0.11808876693248749,0.008304675227817087,276
278,154,569344,14.31,0.041118779999999994,3690,0.000271482189418748,1.1920928955078125e-07,7.725038449279964e-05,-0.11559552699327469,0.008304675227817087,277
279,154,571392,15.37,0.05095941,3703,-0.0005346474936231971,0.0,9.119392780121416e-05,-0.11594700068235397,0.008304675227817087,278
280,154,573440,15.11,0.05342238999999999,3715,0.00047556275967508554,5.960464477539063e-08,9.898230928229168e-05,-0.11158749461174011,0.008304675227817087,279
281,154,575488,15.05,0.054910719999999996,3729,-0.0010126898996531963,-4.76837158203125e-07,0.00013511076394934207,-0.11110331118106842,0.008304675227817087,280
282,154,577536,14.76,0.04460636,3742,0.0006431022193282843,2.384185791015625e-07,0.0001767152571119368,-0.10404294729232788,0.008304675227817087,281
283,154,579584,15.06,0.046535009999999995,3755,-0.0009502437897026539,-2.0265579223632812e-06,0.00025296350941061974,-0.09709566831588745,0.008304675227817087,282
284,154,581632,14.65,0.04752163,3767,0.0025516971945762634,-1.1920928955078125e-07,0.0005566139006987214,-0.11676310747861862,0.008304675227817087,283
285,154,583680,14.51,0.04519036,3780,-0.0040314397774636745,-1.1920928955078125e-07,0.0010296637192368507,-0.12345440685749054,0.008304675227817087,284
286,154,585728,16.47,0.06279821999999999,3792,0.005855599418282509,1.0132789611816406e-06,0.001525982515886426,-0.15417206287384033,0.008304675227817087,285
287,154,587776,14.85,0.04116091,3805,-0.008043380454182625,-2.7418136596679688e-06,0.0013596942881122231,-0.19861099123954773,0.008304675227817087,286
288,154,589824,15.87,0.059713649999999986,3817,0.005343341268599033,2.980232238769531e-07,0.0007197311497293413,-0.22412768006324768,0.008304675227817087,287
289,154,591872,15.76,0.05794861999999999,3829,-0.0031069014221429825,5.364418029785156e-07,0.0003703529655467719,-0.2127915620803833,0.008304675227817087,288
290,154,593920,16.17,0.06087259,3842,0.002224462106823921,1.1920928955078125e-07,0.0002463736745994538,-0.24731150269508362,0.008304675227817087,289
291,154,595968,15.18,0.05016954,3854,-0.001960175111889839,2.384185791015625e-07,0.00016636986401863396,-0.22726769745349884,0.008304675227817087,290
292,154,598016,15.25,0.052300299999999994,3867,0.00011410091246943921,0.0,0.00010242030839435756,-0.19444392621517181,0.008304675227817087,291
293,154,600064,14.72,0.048064479999999986,3880,-0.0007101676892489195,-2.384185791015625e-07,0.00011474164784885943,-0.1731613129377365,0.008304675227817087,292
294,154,602112,14.5,0.042785729999999994,3894,5.570285429712385e-05,-1.1920928955078125e-07,8.088111644610763e-05,-0.15982823073863983,0.008304675227817087,293
295,154,604160,15.68,0.05673433,3907,-0.0005081415874883533,-5.960464477539062e-07,6.927063805051148e-05,-0.1529732644557953,0.008304675227817087,294
296,154,606208,16.13,0.06814091,3919,-6.656147161265835e-05,5.960464477539063e-08,9.898388088913634e-05,-0.14179128408432007,0.008304675227817087,295
297,154,608256,14.92,0.04617349,3932,-0.00021891240612603724,-2.384185791015625e-07,0.00013690543710254133,-0.13109323382377625,0.008304675227817087,296
298,154,610304,15.74,0.057752399999999995,3945,-9.355309884995222e-05,0.0,7.65731674619019e-05,-0.13000251352787018,0.008304675227817087,297
299,154,612352,15.23,0.05194369,3957,-0.00020454911282286048,0.0,9.292161848861724e-05,-0.12404484301805496,0.008304675227817087,298
300,154,614400,15.03,0.05369672,3970,-0.00019485599477775395,2.384185791015625e-07,9.478152060182765e-05,-0.11929424107074738,0.008304675227817087,299
301,154,616448,14.42,0.04429949,3983,-0.00014660254237242043,-1.1920928955078125e-07,0.00010613118502078578,-0.11198704689741135,0.008304675227817087,300
302,154,618496,14.79,0.05171463999999999,3995,6.825375749031082e-05,2.384185791015625e-07,6.135030707810074e-05,-0.10897213220596313,0.008304675227817087,301
303,154,620544,15.2,0.04880834999999999,4009,0.00015380825789179653,-1.1920928955078125e-07,8.695341239217669e-05,-0.11166553199291229,0.008304675227817087,302
304,154,622592,14.76,0.04663529999999999,4022,-0.0002551956567913294,0.0,8.20454370114021e-05,-0.11416620016098022,0.008304675227817087,303
305,154,624640,14.47,0.040871660000000004,4036,-4.841464033233933e-05,-2.384185791015625e-07,8.198410796467215e-05,-0.10964461416006088,0.008304675227817087,304
306,154,626688,14.68,0.046808749999999996,4050,-0.00036576107959263027,-7.152557373046875e-07,5.214889824856073e-05,-0.10439139604568481,0.008304675227817087,305
307,154,628736,15.29,0.05536753,4064,0.00010223643039353192,-1.1920928955078125e-07,7.470415584975854e-05,-0.10073200613260269,0.008304675227817087,306
308,154,630784,14.59,0.04583799999999999,4077,-0.0006257451605051756,5.960464477539063e-08,0.00012113358388887718,-0.09512744843959808,0.008304675227817087,307
309,154,632832,14.24,0.04062016999999999,4090,0.0002701043849810958,-1.1920928955078125e-07,9.488687646808103e-05,-0.08937941491603851,0.008304675227817087,308
310,154,634880,14.73,0.04696415,4103,-0.0004876263265032321,-2.5033950805664062e-06,0.00011067945888498798,-0.08486338704824448,0.008304675227817087,309
311,154,636928,15.91,0.06485316,4115,0.0011452713515609503,-1.1920928955078125e-07,0.00023594922095071524,-0.09304289519786835,0.008304675227817087,310
312,154,638976,14.76,0.05085786,4128,-0.0022458580788224936,-4.76837158203125e-07,0.0004961203085258603,-0.09208562225103378,0.008304675227817087,311
313,154,641024,14.32,0.04176223999999999,4141,0.002648719819262624,1.7881393432617188e-07,0.0009439499699510634,-0.0960947796702385,0.008304675227817087,312
314,154,643072,15.2,0.05208983,4154,-0.0044226255267858505,-1.1920928955078125e-07,0.001701496192254126,-0.10758054256439209,0.008304675227817087,313
315,154,645120,15.85,0.05819540999999999,4167,0.006756696850061417,1.7881393432617188e-06,0.002099558711051941,-0.1838076263666153,0.008304675227817087,314
316,154,647168,15.76,0.05684733,4180,-0.004739889409393072,-8.344650268554688e-07,0.001039721304550767,-0.18308691680431366,0.008304675227817087,315
317,154,649216,15.91,0.05300241,4193,0.005697131622582674,0.0,0.0004736375994980335,-0.30638745427131653,0.008304675227817087,316
318,154,651264,16.01,0.05567863,4206,-0.0019392649410292506,0.0,0.00013705925084650517,-0.32188862562179565,0.008304675227817087,317
319,154,653312,14.42,0.04514583,4219,0.0002817552303895354,-1.1920928955078125e-07,0.00010284020390827209,-0.3165293037891388,0.008304675227817087,318
320,154,655360,15.85,0.05922091,4232,-0.00032931502209976315,7.152557373046875e-07,9.448495984543115e-05,-0.298844575881958,0.008304675227817087,319
321,154,657408,16.71,0.06342786,4244,-0.00021595446742139757,1.7881393432617188e-07,0.00011478047963464633,-0.28798070549964905,0.008304675227817087,320
322,154,659456,15.23,0.04788761,4257,-6.400300480891019e-05,1.1920928955078125e-07,0.00013021158520132303,-0.26227468252182007,0.008304675227817087,321
323,154,661504,16.03,0.05496721,4270,-0.00024650496197864413,5.960464477539063e-08,9.138195309787989e-05,-0.26059627532958984,0.008304675227817087,322
324,154,663552,15.28,0.05575701999999999,4282,0.0003767584857996553,-1.1920928955078125e-07,7.668615580769256e-05,-0.25086551904678345,0.008304675227817087,323
325,154,665600,15.85,0.05391526,4295,0.0004672586510423571,-1.1920928955078125e-07,0.00012510031228885055,-0.27818819880485535,0.008304675227817087,324
326,154,667648,14.73,0.04800467,4308,-0.0006642902735620737,4.172325134277344e-07,8.526201418135315e-05,-0.3001934289932251,0.008304675227817087,325
327,154,669696,16.48,0.06563881,4321,-0.00047515411279164255,0.0,9.466423944104463e-05,-0.2598452866077423,0.008304675227817087,326
328,154,671744,14.73,0.04750616,4334,0.00011709226964740083,1.1920928955078125e-07,0.0001187312082038261,-0.22917452454566956,0.008304675227817087,327
329,155,673792,15.37,0.04944261,4346,-0.0005988363991491497,0.0,0.00011417250789236277,-0.23114901781082153,0.008304675227817087,328
330,154,675840,14.83,0.044420009999999996,4360,-0.00011068799358326942,-1.1920928955078125e-07,9.70756373135373e-05,-0.19990035891532898,0.008304675227817087,329
331,154,677888,15.91,0.05949216000000001,4373,7.992469181772321e-05,1.7881393432617188e-07,5.6724446039879695e-05,-0.19453170895576477,0.008304675227817087,330
332,155,679936,16.4,0.06334429,4386,0.00027640751795843244,0.0,0.00012645582319237292,-0.20527337491512299,0.008304675227817087,331
333,155,681984,15.35,0.05361628999999998,4399,-0.0006373689393512905,0.0,0.00014982807624619454,-0.2068500518798828,0.008304675227817087,332
334,155,684032,14.7,0.049917489999999995,4411,-0.00011586276377784088,5.960464477539063e-08,0.00011140073911519721,-0.17780308425426483,0.008304675227817087,333
335,155,686080,15.19,0.05079702,4424,-7.084935350576416e-05,-1.1920928955078125e-07,9.639991185395047e-05,-0.17402982711791992,0.008304675227817087,334
336,155,688128,15.54,0.06060773,4437,-0.0003759333922062069,1.7881393432617188e-07,8.636518759885803e-05,-0.1714104413986206,0.008304675227817087,335
337,155,690176,14.93,0.05053218,4450,-0.00019880695617757738,0.0,0.0001241859863512218,-0.15403862297534943,0.008304675227817087,336
338,155,692224,15.02,0.04548488,4462,-0.00045211840188130736,2.980232238769531e-07,7.911199645604938e-05,-0.14283066987991333,0.008304675227817087,337
339,155,694272,14.75,0.047134619999999995,4475,-7.349057705141604e-05,5.960464477539063e-08,4.869719487032853e-05,-0.13158980011940002,0.008304675227817087,338
340,155,696320,14.91,0.04672361999999999,4487,4.465118399821222e-05,-3.5762786865234375e-07,9.170771954813972e-05,-0.12514708936214447,0.008304675227817087,339
341,155,698368,14.61,0.046359,4500,-0.0002316770696779713,-2.384185791015625e-07,7.782258762745187e-05,-0.12958502769470215,0.008304675227817087,340
342,155,700416,14.46,0.04408098,4514,-0.00043448383803479373,5.960464477539063e-08,9.745325951371342e-05,-0.1184602752327919,0.008304675227817087,341
343,155,702464,14.41,0.0435896,4527,-0.0002273636928293854,0.0,8.270544640254229e-05,-0.10782647877931595,0.008304675227817087,342
344,155,704512,14.61,0.04268192,4540,-2.1090212612762116e-05,0.0,6.270235462579876e-05,-0.09913964569568634,0.008304675227817087,343
345,155,706560,14.52,0.042565099999999995,4553,-2.951540591311641e-05,0.0,9.481582674197853e-05,-0.1016056165099144,0.008304675227817087,344
346,155,708608,14.36,0.04111806,4567,-0.00037449781666509807,1.1920928955078125e-07,8.01837959443219e-05,-0.09556683897972107,0.008304675227817087,345
347,155,710656,14.5,0.042878859999999984,4579,0.00016311307263094932,-1.3113021850585938e-06,4.799371163244359e-05,-0.09288696199655533,0.008304675227817087,346
348,155,712704,15.19,0.05393038999999999,4592,-0.0001829955290304497,-2.384185791015625e-07,8.203268953366205e-05,-0.088846854865551,0.008304675227817087,347
349,155,714752,14.83,0.04688365,4605,0.0007311123772524297,0.0,0.0001620219263713807,-0.0965854600071907,0.008304675227817087,348
350,155,716800,15.4,0.051755789999999996,4618,-0.0011021572863683105,0.0,0.00020363376825116575,-0.09634062647819519,0.008304675227817087,349
351,155,718848,15.43,0.054219239999999995,4631,0.001277582487091422,1.1920928955078125e-07,0.0003716515493579209,-0.10294270515441895,0.008304675227817087,350
352,155,720896,14.31,0.041390079999999996,4643,-0.0032303924672305584,-1.1920928955078125e-07,0.0006667227135039866,-0.09389052540063858,0.008304675227817087,351
353,155,722944,14.46,0.04215198999999999,4656,0.0030498900450766087,1.1920928955078125e-07,0.0012057139538228512,-0.08672033995389938,0.008304675227817087,352
354,155,724992,15.79,0.056613420000000005,4669,-0.00528746098279953,-3.5762786865234375e-07,0.0020499597303569317,-0.11687104403972626,0.008304675227817087,353
355,155,727040,16.65,0.06756732,4682,0.009380724281072617,4.172325134277344e-07,0.0018245303072035313,-0.2169160544872284,0.008304675227817087,354
356,155,729088,15.39,0.05142833999999999,4695,-0.006273821461945772,-2.384185791015625e-07,0.0004513475578278303,-0.3424757719039917,0.008304675227817087,355
357,155,731136,15.44,0.05496035,4708,0.000674213923048228,0.0,0.00013055169256404042,-0.3474053740501404,0.008304675227817087,356
358,155,733184,15.38,0.05119533,4721,-0.0009727851720526814,-3.5762786865234375e-07,0.0001162960979854688,-0.29160526394844055,0.008304675227817087,357
359,155,735232,15.52,0.05447094999999999,4733,-0.00013272128126118332,-2.384185791015625e-07,9.505018533673137e-05,-0.24954582750797272,0.008304675227817087,358
360,155,737280,15.71,0.05366473000000001,4746,-0.00048143946332857013,2.384185791015625e-07,0.00011229728988837451,-0.24036185443401337,0.008304675227817087,359
361,155,739328,14.68,0.04469298,4759,-0.00048094699741341174,5.960464477539063e-08,0.00012047552445437759,-0.20865662395954132,0.008304675227817087,360
362,155,741376,14.62,0.043527710000000004,4772,-0.0005004107370041311,-1.3113021850585938e-05,8.165514009306207e-05,-0.18404895067214966,0.008304675227817087,361
363,155,743424,15.35,0.055350010000000005,4785,-0.00021481166186276823,3.5762786865234375e-07,8.607505878899246e-05,-0.16575133800506592,0.008304675227817087,362
364,155,745472,15.78,0.0582142,4797,0.0005344896926544607,5.960464477539063e-08,0.00010968366404995322,-0.15490783751010895,0.008304675227817087,363
365,155,747520,15.55,0.059450279999999994,4810,-3.0051092835492454e-05,2.384185791015625e-07,0.00011229040683247149,-0.17675574123859406,0.008304675227817087,364
366,155,749568,15.11,0.05347256000000001,4823,-3.300198295619339e-05,-3.5762786865234375e-07,0.0001325588091276586,-0.17343077063560486,0.008304675227817087,365
367,155,751616,14.56,0.044639410000000004,4837,-0.00039016001392155886,0.0,0.00011661222379188985,-0.17279036343097687,0.008304675227817087,366
368,155,753664,14.97,0.051817209999999995,4849,6.317571387626231e-05,2.384185791015625e-07,0.00010359377483837306,-0.15612265467643738,0.008304675227817087,367
369,155,755712,15.12,0.0478303,4862,4.09609783673659e-05,-1.1920928955078125e-07,0.00011428859579609707,-0.16131921112537384,0.008304675227817087,368
370,155,757760,16.25,0.06064722999999999,4874,-4.102503589820117e-05,-1.1920928955078125e-07,7.117244240362197e-05,-0.1603434532880783,0.008304675227817087,369
371,155,759808,15.06,0.04878626,4887,-0.00017125433078035712,-4.76837158203125e-07,9.642288932809606e-05,-0.16364941000938416,0.008304675227817087,370
372,155,761856,15.13,0.04738595,4900,-0.0002172704553231597,-3.5762786865234375e-07,8.435167546849698e-05,-0.14944161474704742,0.008304675227817087,371
373,155,763904,16.14,0.061632219999999995,4913,0.00021346974244806916,4.172325134277344e-07,7.214785000542179e-05,-0.14831066131591797,0.008304675227817087,372
374,155,765952,16.22,0.06466739,4925,-0.00034741766285151243,5.960464477539063e-08,0.00010560432565398514,-0.15152332186698914,0.008304675227817087,373
375,155,768000,15.06,0.04798073,4938,2.2698375687468797e-05,0.0,0.00013125492841936648,-0.13801318407058716,0.008304675227817087,374
376,155,770048,15.41,0.04866733,4950,-0.00021570194803643972,0.0,7.324705802602693e-05,-0.13759185373783112,0.008304675227817087,375
377,155,772096,15.49,0.05342085,4963,-5.578075797529891e-05,0.0,8.787229307927191e-05,-0.13480569422245026,0.008304675227817087,376
378,155,774144,15.02,0.049129519999999996,4976,-0.0002547743497416377,0.0,7.35542707843706e-05,-0.12730684876441956,0.008304675227817087,377
379,155,776192,15.33,0.05400712999999999,4989,-2.2338359485729598e-05,1.7881393432617188e-07,9.399346163263544e-05,-0.12442658841609955,0.008304675227817087,378
380,155,778240,15.42,0.05143478,5002,-0.00031844229670241475,0.0,8.236936264438555e-05,-0.11659517139196396,0.008304675227817087,379
381,155,780288,15.1,0.05427706999999999,5015,-2.352287992835045e-06,0.0,8.158963464666158e-05,-0.11422573029994965,0.008304675227817087,380
382,155,782336,15.63,0.059871459999999994,5028,-0.00045829941518604755,3.5762786865234375e-07,9.39292149269022e-05,-0.10569385439157486,0.008304675227817087,381
383,155,784384,14.3,0.03888634999999999,5041,0.00014359290071297437,-1.1920928955078125e-07,0.00012651769793592393,-0.10148228704929352,0.008304675227817087,382
384,155,786432,14.63,0.042976719999999996,5053,-0.0005103226867504418,-7.152557373046875e-07,8.55850157677196e-05,-0.09393642842769623,0.008304675227817087,383
385,155,788480,16.18,0.06514805,5066,0.0007354877307079732,0.0,0.00013175712956581265,-0.09808847308158875,0.008304675227817087,384
386,155,790528,15.38,0.05219246,5079,-0.0009857271797955036,4.172325134277344e-07,0.0002323249791515991,-0.09498479962348938,0.008304675227817087,385
387,155,792576,15.47,0.05643626999999998,5091,0.001576192444190383,1.7881393432617188e-07,0.0002770111314021051,-0.10232403874397278,0.008304675227817087,386
388,155,794624,14.19,0.042422739999999994,5104,-0.0023439708165824413,-1.1920928955078125e-06,0.0004189272876828909,-0.10861663520336151,0.008304675227817087,387
389,155,796672,15.14,0.04648032,5117,0.001948605990037322,-2.384185791015625e-07,0.0005339309573173523,-0.10929222404956818,0.008304675227817087,388
390,155,798720,14.91,0.05171403000000001,5129,-0.003325819270685315,1.1920928955078125e-06,0.0007006911328062415,-0.1065124124288559,0.008304675227817087,389
391,155,800768,14.55,0.04628514,5142,0.00312328920699656,-1.1920928955078125e-07,0.0009733572951517999,-0.11233839392662048,0.008304675227817087,390
392,155,802816,15.13,0.05175492,5155,-0.003522053826600313,-1.1920928955078125e-07,0.001001072465442121,-0.12686634063720703,0.008304675227817087,391
393,155,804864,15.17,0.048612989999999995,5168,0.003334798850119114,7.748603820800781e-07,0.0008168531348928809,-0.1969054937362671,0.008304675227817087,392
394,155,806912,14.43,0.04154712000000001,5181,-0.001606801524758339,3.5762786865234375e-07,0.00036623026244342327,-0.12354794144630432,0.008304675227817087,393
395,155,808960,15.96,0.060437679999999994,5193,0.0021005934104323387,5.960464477539063e-08,0.00029405642999336123,-0.16123265027999878,0.008304675227817087,394
396,155,811008,14.89,0.046415830000000005,5207,-0.0022189083974808455,-1.1920928955078125e-07,0.00021307826682459563,-0.155792698264122,0.008304675227817087,395
397,155,813056,15.13,0.04699949999999999,5219,0.00046534219291061163,1.1920928955078125e-07,0.00011106002057204023,-0.12576954066753387,0.008304675227817087,396
398,155,815104,15.07,0.05394546,5232,-0.0008436107309535146,0.0,9.283426334150136e-05,-0.11646971106529236,0.008304675227817087,397
399,155,817152,14.57,0.046808579999999995,5244,0.00043057394213974476,5.960464477539063e-08,0.00013339135330170393,-0.10977359861135483,0.008304675227817087,398
400,155,819200,14.97,0.05356908999999999,5257,-0.0006501812604255974,0.0,0.00010629053576849401,-0.10521695762872696,0.008304675227817087,399
401,155,821248,15.15,0.05378169999999999,5271,0.0007410661783069372,1.7881393432617188e-07,0.00011973103391937912,-0.10409308969974518,0.008304675227817087,400
402,155,823296,14.15,0.04013559,5284,-0.0008537852554582059,5.960464477539063e-08,0.00012845489254686981,-0.10958030074834824,0.008304675227817087,401
403,155,825344,15.15,0.052082920000000005,5297,0.00025810336228460073,-1.1920928955078125e-07,8.787999104242772e-05,-0.1017182469367981,0.008304675227817087,402
404,155,827392,15.01,0.04450724999999999,5310,-0.0007636673981323838,1.7881393432617188e-07,0.000115268885565456,-0.09548714756965637,0.008304675227817087,403
405,155,829440,14.31,0.04426889999999999,5323,0.0005434105987660587,1.1920928955078125e-07,8.994678501039743e-05,-0.08672260493040085,0.008304675227817087,404
406,155,831488,14.71,0.0476031,5336,-0.00053744314936921,0.0,9.01083112694323e-05,-0.09076462686061859,0.008304675227817087,405
407,155,833536,14.78,0.04265437,5349,0.0005547186592593789,1.1920928955078125e-07,0.00011561514838831499,-0.09165892004966736,0.008304675227817087,406
408,155,835584,14.65,0.04444905,5361,-0.0008592067752033472,0.0,0.00011141052527818829,-0.09038745611906052,0.008304675227817087,407
409,155,837632,14.88,0.048702800000000004,5374,0.0006147644016891718,0.0,0.00015012957737781107,-0.08932258933782578,0.008304675227817087,408
410,155,839680,14.77,0.049384410000000004,5387,-0.0013006542576476932,0.0,0.0002205885830335319,-0.08400487899780273,0.008304675227817087,409
411,155,841728,14.31,0.042209510000000006,5400,0.0007703758892603219,0.0,0.000285117857856676,-0.07941796630620956,0.008304675227817087,410
412,155,843776,14.03,0.04371943,5413,-0.0008503327844664454,-7.152557373046875e-07,0.0003930069215130061,-0.07415857166051865,0.008304675227817087,411
413,155,845824,14.89,0.05274546999999999,5426,0.0021615121513605118,4.76837158203125e-07,0.0006028141360729933,-0.09845414012670517,0.008304675227817087,412
414,155,847872,15.6,0.053887020000000015,5439,-0.001786857726983726,-3.5762786865234375e-07,0.0006348409224301577,-0.10942862182855606,0.008304675227817087,413
415,155,849920,15.76,0.057145680000000004,5451,0.003613236593082547,1.1920928955078125e-07,0.0005283867940306664,-0.16850043833255768,0.008304675227817087,414
416,155,851968,15.26,0.050682740000000004,5465,-0.0029094102792441845,0.0,0.0002565549220889807,-0.1956375688314438,0.008304675227817087,415
417,155,854016,15.39,0.0473724,5478,0.0018417193787172437,-2.384185791015625e-07,0.0001331206294707954,-0.1761985719203949,0.008304675227817087,416
418,155,856064,15.21,0.05583712999999999,5490,-0.001170523464679718,-1.1920928955078125e-07,0.00010370124800829217,-0.22273656725883484,0.008304675227817087,417
419,155,858112,15.25,0.054963109999999996,5503,0.00024313665926456451,0.0,0.00011865501437569037,-0.19825172424316406,0.008304675227817087,418
420,155,860160,15.22,0.05060916,5516,-0.0003011112567037344,1.7881393432617188e-07,0.00011403018288547173,-0.1880328357219696,0.008304675227817087,419
421,155,862208,15.27,0.05370004999999999,5529,-1.6378515283577144e-05,2.980232238769531e-07,0.00010042382928077132,-0.18262191116809845,0.008304675227817087,420
422,155,864256,15.51,0.056289820000000004,5541,-0.00018362561240792274,-1.1920928955078125e-07,9.599070472177118e-05,-0.17648009955883026,0.008304675227817087,421
423,155,866304,14.44,0.04518022,5554,-0.00019256109953857958,0.0,0.00010435109288664535,-0.16980215907096863,0.008304675227817087,422
424,155,868352,14.72,0.044268730000000006,5566,-0.0003275061317253858,0.0,7.669174374314025e-05,-0.15506236255168915,0.008304675227817087,423
425,155,870400,15.58,0.059056599999999994,5579,-0.00019676313968375325,-1.1920928955078125e-07,4.8114743549376726e-05,-0.14483807981014252,0.008304675227817087,424
426,155,872448,14.6,0.048465350000000004,5592,-0.00022069689293857664,0.0,0.00010783308243844658,-0.1331499218940735,0.008304675227817087,425
427,155,874496,14.67,0.047163399999999994,5605,7.921320502646267e-05,-1.1920928955078125e-07,9.309204324381426e-05,-0.12181220948696136,0.008304675227817087,426
428,155,876544,15.27,0.05566888,5619,0.00010879872570512816,-1.1920928955078125e-07,7.658649701625109e-05,-0.1268831044435501,0.008304675227817087,427
429,155,878592,15.76,0.05971245,5632,-0.00028262619161978364,0.0,0.00010924816888291389,-0.13031995296478271,0.008304675227817087,428
430,155,880640,14.67,0.04613429999999999,5645,0.00010570818994892761,0.0,0.00011606627231230959,-0.11721669137477875,0.008304675227817087,429
431,155,882688,15.21,0.04916705,5658,-0.0002598276478238404,2.384185791015625e-07,9.745666466187686e-05,-0.12209103256464005,0.008304675227817087,430
432,156,884736,15.3,0.05352784,5671,-0.00013149285223335028,-1.1920928955078125e-07,6.735087663400918e-05,-0.11277878284454346,0.008304675227817087,431
433,156,886784,15.84,0.06187145,5684,-0.00020612335356418043,0.0,9.603651415091008e-05,-0.10783404111862183,0.008304675227817087,432
434,156,888832,14.48,0.042302360000000004,5696,8.050535689108074e-05,1.1920928955078125e-07,0.0001032239815685898,-0.09949196875095367,0.008304675227817087,433
435,156,890880,14.92,0.046557770000000005,5709,-0.00013787674834020436,0.0,3.88455118809361e-05,-0.10301879048347473,0.008304675227817087,434
436,156,892928,14.85,0.045446850000000004,5722,-2.1407895474112593e-05,0.0,7.762851601000875e-05,-0.10027104616165161,0.008304675227817087,435
437,156,894976,15.28,0.05380286,5734,-0.0002876785583794117,0.0,6.538629531860352e-05,-0.09586626291275024,0.008304675227817087,436
438,156,897024,14.46,0.04384983,5748,3.662035396700958e-06,1.1920928955078125e-07,0.0001174072822323069,-0.09092383086681366,0.008304675227817087,437
439,156,899072,14.51,0.04634347000000001,5760,-0.0004269289202056825,1.1920928955078125e-07,8.968034671852365e-05,-0.08483747392892838,0.008304675227817087,438
440,156,901120,15.27,0.0597897,5773,0.00022511923452839255,0.0,0.00010403023770777509,-0.08175846934318542,0.008304675227817087,439
441,156,903168,14.47,0.045441199999999994,5787,-0.0006165825761854649,-2.384185791015625e-07,0.00014650210505351424,-0.07759185135364532,0.008304675227817087,440
442,156,905216,14.55,0.042041369999999995,5799,0.0005905059515498579,0.0,0.00015710436855442822,-0.07558013498783112,0.008304675227817087,441
443,156,907264,14.82,0.049007760000000004,5812,-0.0012880435679107904,-1.1920928955078125e-07,0.00022880654432810843,-0.07503442466259003,0.008304675227817087,442
444,156,909312,14.41,0.04374882,5825,0.0009100253228098154,1.3113021850585938e-06,0.0004655212687794119,-0.07322362065315247,0.008304675227817087,443
445,156,911360,14.48,0.04480731999999999,5837,-0.002151543740183115,-2.384185791015625e-07,0.0009562621708028018,-0.06763098388910294,0.008304675227817087,444
446,156,913408,14.88,0.051064120000000005,5850,0.003337097354233265,3.5762786865234375e-07,0.0017616160912439227,-0.09156085550785065,0.008304675227817087,445
447,156,915456,16.15,0.06681605,5863,-0.005082381423562765,-1.1920928955078125e-07,0.001699184300377965,-0.13666042685508728,0.008304675227817087,446
448,156,917504,16.04,0.055181579999999994,5875,0.007354898378252983,5.960464477539063e-08,0.0008539481787011027,-0.2674696147441864,0.008304675227817087,447
449,156,919552,15.84,0.05177282,5887,-0.0022393856197595596,-1.1920928955078125e-07,0.000140586489578709,-0.3352799117565155,0.008304675227817087,448
450,156,921600,16.92,0.06541278,5899,1.1065194485126995e-05,0.0,0.00010511951404623687,-0.3608889579772949,0.008304675227817087,449
451,156,923648,15.93,0.053956479999999994,5911,-0.0005649925442412496,1.1920928955078125e-07,0.0001425356895197183,-0.3163696527481079,0.008304675227817087,450
452,156,925696,15.16,0.04926922,5925,-0.0007826139917597175,0.0,0.00011216865095775574,-0.25827956199645996,0.008304675227817087,451
453,156,927744,15.0,0.05099088,5938,-0.00024585885694250464,-1.1920928955078125e-07,9.523647895548493e-05,-0.21852481365203857,0.008304675227817087,452
454,156,929792,15.18,0.049938149999999994,5951,0.00017468593432568014,-1.1920928955078125e-07,9.282704559154809e-05,-0.2037561982870102,0.008304675227817087,453
455,156,931840,15.02,0.04734713999999998,5964,0.00021080304577481002,1.7881393432617188e-07,9.241673251381144e-05,-0.21609419584274292,0.008304675227817087,454
456,156,933888,15.6,0.060059829999999995,5976,-0.0006110050017014146,-1.1920928955078125e-07,0.00010536674381000921,-0.22690394520759583,0.008304675227817087,455
457,156,935936,16.02,0.06070701999999999,5989,0.00022609079314861447,-1.1920928955078125e-07,0.00012087599316146225,-0.1904485523700714,0.008304675227817087,456
458,156,937984,14.83,0.051387739999999994,6002,-0.0003473124234005809,-1.1920928955078125e-07,0.00013968329585622996,-0.2013726532459259,0.008304675227817087,457
459,156,940032,15.14,0.053258139999999995,6015,-0.00039916980313137174,0.0,0.00010582508548395708,-0.18052925169467926,0.008304675227817087,458
460,156,942080,16.08,0.05993179,6027,-0.0002119465498253703,0.0,8.743340004002675e-05,-0.16609469056129456,0.008304675227817087,459
461,156,944128,15.5,0.05326871,6040,-8.63666064105928e-05,0.0,0.00011398571950849146,-0.15506358444690704,0.008304675227817087,460
462,156,946176,14.91,0.04836779000000001,6053,-0.00034252548357471824,5.960464477539063e-08,8.859207446221262e-05,-0.1503494828939438,0.008304675227817087,461
463,156,948224,15.54,0.05470527000000001,6065,0.0001175479483208619,5.960464477539063e-08,8.237201109295711e-05,-0.13902434706687927,0.008304675227817087,462
464,156,950272,15.23,0.049734509999999996,6078,-2.56034400081262e-05,0.0,8.700486796442419e-05,-0.1427403837442398,0.008304675227817087,463
465,156,952320,14.69,0.042725869999999985,6092,-0.00016042654169723392,-1.1920928955078125e-07,8.38558844407089e-05,-0.14267581701278687,0.008304675227817087,464
466,156,954368,14.94,0.04641783,6104,-0.0003354171058163047,1.1920928955078125e-07,6.273313920246437e-05,-0.13575072586536407,0.008304675227817087,465
467,156,956416,15.43,0.052218719999999996,6117,-0.00020491254690568894,0.0,8.302645437652245e-05,-0.12469400465488434,0.008304675227817087,466
468,156,958464,15.12,0.048244480000000006,6129,-0.0002553802914917469,0.0,7.301526056835428e-05,-0.11532638967037201,0.008304675227817087,467
469,156,960512,14.92,0.04715997999999999,6142,-7.214787910925224e-05,1.1920928955078125e-07,6.23057276243344e-05,-0.10944341123104095,0.008304675227817087,468
470,156,962560,14.96,0.05334840999999999,6155,0.0003111553378403187,0.0,8.053545752773061e-05,-0.10541689395904541,0.008304675227817087,469
471,156,964608,14.8,0.05268797,6168,0.00017549585027154535,0.0,9.742187830852345e-05,-0.11721764504909515,0.008304675227817087,470
472,156,966656,15.58,0.05487895,6181,-0.0002839566150214523,1.7881393432617188e-07,9.279458754463121e-05,-0.11985406279563904,0.008304675227817087,471
473,156,968704,15.8,0.05801248999999999,6194,-0.0001289218052988872,0.0,0.00010727355402195826,-0.11374220997095108,0.008304675227817087,472
474,156,970752,14.69,0.04076727,6207,-0.0004885539528913796,-1.1920928955078125e-07,9.994808351621032e-05,-0.10510559380054474,0.008304675227817087,473
475,156,972800,14.92,0.04847294,6220,-0.00010793845285661519,0.0,5.4027004807721823e-05,-0.09542243182659149,0.008304675227817087,474
476,156,974848,14.56,0.03745253,6233,3.213590389350429e-06,0.0,7.413829007418826e-05,-0.09000348299741745,0.008304675227817087,475
477,156,976896,15.0,0.052412089999999995,6246,-4.632963100448251e-05,1.1920928955078125e-07,3.3394630008842796e-05,-0.09244789183139801,0.008304675227817087,476
478,156,978944,14.08,0.04196224,6259,-0.00031750102061778307,0.0,9.215229511028156e-05,-0.0894584134221077,0.008304675227817087,477
479,156,980992,14.77,0.04632893999999999,6272,-0.00013654420035891235,0.0,7.727315096417442e-05,-0.08182834088802338,0.008304675227817087,478
480,156,983040,14.48,0.04441494000000001,6284,-0.00010357769497204572,2.384185791015625e-07,6.760461837984622e-05,-0.07878530770540237,0.008304675227817087,479
481,156,985088,14.53,0.04377083999999999,6297,-0.00012510728265624493,-1.1920928955078125e-07,7.602453842991963e-05,-0.07602332532405853,0.008304675227817087,480
482,156,987136,14.63,0.041267189999999995,6310,-4.5659253373742104e-05,0.0,7.207415183074772e-05,-0.0737181231379509,0.008304675227817087,481
483,156,989184,14.33,0.0448871,6323,-0.00017193758685607463,0.0,3.8091402529971674e-05,-0.07213851809501648,0.008304675227817087,482
484,156,991232,14.84,0.04815048,6336,-1.590008832863532e-05,-1.1920928955078125e-07,8.572572551202029e-05,-0.06991442292928696,0.008304675227817087,483
485,156,993280,14.13,0.039978759999999995,6350,-0.0003706901043187827,-1.1920928955078125e-07,6.373859650921077e-05,-0.06695383787155151,0.008304675227817087,484
486,156,995328,14.83,0.04855307,6362,0.0002467737067490816,0.0,7.075512257870287e-05,-0.06415802240371704,0.008304675227817087,485
487,156,997376,15.05,0.04826219999999999,6374,-0.0005806711269542575,-2.384185791015625e-07,0.0001353346015093848,-0.06304538249969482,0.008304675227817087,486
488,156,999424,14.23,0.04198189,6387,0.0006810532067902386,1.7881393432617188e-07,0.00023789971601217985,-0.0628175437450409,0.008304675227817087,487
489,156,1001472,14.72,0.04684038,6401,-0.0011864278931170702,-2.384185791015625e-07,0.0005373647436499596,-0.062495917081832886,0.008304675227817087,488
